{"4ruqayya":{"hits":[{"Discord":{"url":"https://discord.com/users/4ruqayya","status":"active","username":"4ruqayya","formatted":"4ruqayya"}},{"Steam":{"url":"https://steamcommunity.com/id/4ruqayya","status":"active","username":"4ruqayya","formatted":"4ruqayya"}},{"Medium":{"url":"https://medium.com/@%404ruqayya","status":"active","username":"4ruqayya","formatted":"@4ruqayya"}}],"misses":["Twitch","Snapchat","Behance","Instagram","YouTube","Twitter","Facebook","LinkedIn","Mastodon","SoundCloud","GitHub","Vimeo","GitLab","Bitbucket","DeviantArt","Tumblr","Dribbble","Patreon","Flickr","TikTok","Reddit","Pinterest"]},"ruqayya4":{"hits":[{"Discord":{"url":"https://discord.com/users/ruqayya4","status":"active","username":"ruqayya4","formatted":"ruqayya4"}},{"Steam":{"url":"https://steamcommunity.com/id/ruqayya4","status":"active","username":"ruqayya4","formatted":"ruqayya4"}},{"Medium":{"url":"https://medium.com/@%40ruqayya4","status":"active","username":"ruqayya4","formatted":"@ruqayya4"}}],"misses":["Reddit","Instagram","Twitch","Snapchat","Facebook","Twitter","YouTube","Behance","GitHub","LinkedIn","SoundCloud","Mastodon","Vimeo","Bitbucket","DeviantArt","Patreon","GitLab","Tumblr","Dribbble","Flickr","TikTok","Pinterest"]},"#ruqayya":{"hits":[{"Discord":{"url":"https://discord.com/users/%23ruqayya","status":"active","username":"#ruqayya","formatted":"#ruqayya"}},{"Steam":{"url":"https://steamcommunity.com/id/%23ruqayya","status":"active","username":"#ruqayya","formatted":"#ruqayya"}},{"Medium":{"url":"https://medium.com/@%40%23ruqayya","status":"active","username":"#ruqayya","formatted":"@#ruqayya"}}],"misses":["Tumblr","TikTok","Twitch","Snapchat","Instagram","Facebook","YouTube","Twitter","Behance","GitHub","LinkedIn","SoundCloud","Mastodon","Bitbucket","GitLab","Patreon","DeviantArt","Flickr","Vimeo","Dribbble","Pinterest","Reddit"]},"3Ruqayya":{"hits":[{"Discord":{"url":"https://discord.com/users/3Ruqayya","status":"active","username":"3Ruqayya","formatted":"3Ruqayya"}},{"Steam":{"url":"https://steamcommunity.com/id/3Ruqayya","status":"active","username":"3Ruqayya","formatted":"3Ruqayya"}},{"Medium":{"url":"https://medium.com/@%403Ruqayya","status":"active","username":"3Ruqayya","formatted":"@3Ruqayya"}}],"misses":["TikTok","Twitch","Instagram","Twitter","Facebook","Snapchat","YouTube","Behance","GitHub","LinkedIn","SoundCloud","Patreon","Vimeo","Mastodon","Bitbucket","GitLab","DeviantArt","Tumblr","Dribbble","Flickr","Pinterest","Reddit"]},"xRuqayya":{"hits":[{"Discord":{"url":"https://discord.com/users/xRuqayya","status":"active","username":"xRuqayya","formatted":"xRuqayya"}},{"Steam":{"url":"https://steamcommunity.com/id/xRuqayya","status":"active","username":"xRuqayya","formatted":"xRuqayya"}},{"Medium":{"url":"https://medium.com/@%40xRuqayya","status":"active","username":"xRuqayya","formatted":"@xRuqayya"}}],"misses":["TikTok","Twitch","Instagram","Twitter","Snapchat","YouTube","Facebook","LinkedIn","DeviantArt","Behance","Patreon","GitHub","Mastodon","Bitbucket","Vimeo","GitLab","SoundCloud","Tumblr","Dribbble","Flickr","Reddit","Pinterest"]},"1ruqayya":{"hits":[{"Discord":{"url":"https://discord.com/users/1ruqayya","status":"active","username":"1ruqayya","formatted":"1ruqayya"}},{"Steam":{"url":"https://steamcommunity.com/id/1ruqayya","status":"active","username":"1ruqayya","formatted":"1ruqayya"}},{"Medium":{"url":"https://medium.com/@%401ruqayya","status":"active","username":"1ruqayya","formatted":"@1ruqayya"}}],"misses":["TikTok","Instagram","Twitch","Twitter","Snapchat","Facebook","YouTube","SoundCloud","Behance","GitHub","LinkedIn","Patreon","Vimeo","DeviantArt","Bitbucket","GitLab","Mastodon","Tumblr","Dribbble","Flickr","Pinterest","Reddit"]},"4Ruqayya":{"hits":[{"Discord":{"url":"https://discord.com/users/4Ruqayya","status":"active","username":"4Ruqayya","formatted":"4Ruqayya"}},{"Steam":{"url":"https://steamcommunity.com/id/4Ruqayya","status":"active","username":"4Ruqayya","formatted":"4Ruqayya"}},{"Medium":{"url":"https://medium.com/@%404Ruqayya","status":"active","username":"4Ruqayya","formatted":"@4Ruqayya"}}],"misses":["TikTok","Reddit","Twitch","Instagram","Facebook","Twitter","YouTube","Snapchat","GitHub","LinkedIn","Behance","SoundCloud","Patreon","Vimeo","Mastodon","Bitbucket","DeviantArt","GitLab","Tumblr","Dribbble","Flickr","Pinterest"]},"Ruqayya2":{"hits":[{"Discord":{"url":"https://discord.com/users/Ruqayya2","status":"active","username":"Ruqayya2","formatted":"Ruqayya2"}},{"SoundCloud":{"url":"https://soundcloud.com/Ruqayya2","status":"active","username":"Ruqayya2","formatted":"Ruqayya2"}},{"Steam":{"url":"https://steamcommunity.com/id/Ruqayya2","status":"active","username":"Ruqayya2","formatted":"Ruqayya2"}},{"Medium":{"url":"https://medium.com/@%40Ruqayya2","status":"active","username":"Ruqayya2","formatted":"@Ruqayya2"}}],"misses":["TikTok","Twitch","Snapchat","Instagram","Twitter","YouTube","Behance","Facebook","LinkedIn","Patreon","GitHub","Mastodon","Bitbucket","DeviantArt","GitLab","Vimeo","Tumblr","Dribbble","Flickr","Reddit","Pinterest"]},"2Ruqayya":{"hits":[{"Discord":{"url":"https://discord.com/users/2Ruqayya","status":"active","username":"2Ruqayya","formatted":"2Ruqayya"}},{"Steam":{"url":"https://steamcommunity.com/id/2Ruqayya","status":"active","username":"2Ruqayya","formatted":"2Ruqayya"}},{"Medium":{"url":"https://medium.com/@%402Ruqayya","status":"active","username":"2Ruqayya","formatted":"@2Ruqayya"}}],"misses":["TikTok","Instagram","Twitch","Twitter","Facebook","YouTube","Snapchat","GitHub","LinkedIn","DeviantArt","Behance","SoundCloud","Patreon","Mastodon","Vimeo","Bitbucket","GitLab","Tumblr","Dribbble","Flickr","Reddit","Pinterest"]},"ruqaya":{"hits":[{"Discord":{"url":"https://discord.com/users/ruqaya","status":"active","username":"ruqaya","formatted":"ruqaya"}},{"GitHub":{"url":"https://github.com/ruqaya","status":"active","username":"ruqaya","formatted":"ruqaya"}},{"SoundCloud":{"url":"https://soundcloud.com/ruqaya","status":"active","username":"ruqaya","formatted":"ruqaya"}},{"Steam":{"url":"https://steamcommunity.com/id/ruqaya","status":"active","username":"ruqaya","formatted":"ruqaya"}},{"Medium":{"url":"https://medium.com/@%40ruqaya","status":"active","username":"ruqaya","formatted":"@ruqaya"}},{"Flickr":{"url":"https://flickr.com/people/ruqaya","status":"active","username":"ruqaya","formatted":"ruqaya"}}],"misses":["TikTok","Reddit","Instagram","Twitter","Facebook","Twitch","YouTube","Snapchat","LinkedIn","Behance","DeviantArt","Patreon","Vimeo","Mastodon","Bitbucket","GitLab","Tumblr","Dribbble","Pinterest"]},"Ruqayya":{"hits":[{"Discord":{"url":"https://discord.com/users/Ruqayya","status":"active","username":"Ruqayya","formatted":"Ruqayya"}},{"SoundCloud":{"url":"https://soundcloud.com/Ruqayya","status":"active","username":"Ruqayya","formatted":"Ruqayya"}},{"GitHub":{"url":"https://github.com/Ruqayya","status":"active","username":"Ruqayya","formatted":"Ruqayya"}},{"Steam":{"url":"https://steamcommunity.com/id/Ruqayya","status":"active","username":"Ruqayya","formatted":"Ruqayya"}},{"Medium":{"url":"https://medium.com/@%40Ruqayya","status":"active","username":"Ruqayya","formatted":"@Ruqayya"}}],"misses":["TikTok","Instagram","Twitter","Twitch","Facebook","YouTube","Snapchat","LinkedIn","DeviantArt","Behance","Patreon","Vimeo","Mastodon","Bitbucket","GitLab","Tumblr","Dribbble","Flickr","Reddit","Pinterest"]},"@ruqayya":{"hits":[{"Discord":{"url":"https://discord.com/users/%40ruqayya","status":"active","username":"@ruqayya","formatted":"@ruqayya"}},{"Steam":{"url":"https://steamcommunity.com/id/%40ruqayya","status":"active","username":"@ruqayya","formatted":"@ruqayya"}}],"misses":["TikTok","Instagram","Twitch","Tumblr","Twitter","Facebook","YouTube","LinkedIn","Snapchat","Behance","SoundCloud","DeviantArt","GitHub","Patreon","Mastodon","Vimeo","Bitbucket","GitLab","Flickr","Dribbble","Reddit","Pinterest","Medium"]},"ruqayyax":{"hits":[{"Discord":{"url":"https://discord.com/users/ruqayyax","status":"active","username":"ruqayyax","formatted":"ruqayyax"}},{"Steam":{"url":"https://steamcommunity.com/id/ruqayyax","status":"active","username":"ruqayyax","formatted":"ruqayyax"}},{"Medium":{"url":"https://medium.com/@%40ruqayyax","status":"active","username":"ruqayyax","formatted":"@ruqayyax"}}],"misses":["TikTok","Instagram","Twitter","Twitch","Facebook","YouTube","GitHub","Snapchat","SoundCloud","Behance","LinkedIn","DeviantArt","Patreon","Vimeo","Mastodon","Bitbucket","GitLab","Tumblr","Dribbble","Flickr","Reddit","Pinterest"]},"1Ruqayya":{"hits":[{"Discord":{"url":"https://discord.com/users/1Ruqayya","status":"active","username":"1Ruqayya","formatted":"1Ruqayya"}},{"Steam":{"url":"https://steamcommunity.com/id/1Ruqayya","status":"active","username":"1Ruqayya","formatted":"1Ruqayya"}},{"Medium":{"url":"https://medium.com/@%401Ruqayya","status":"active","username":"1Ruqayya","formatted":"@1Ruqayya"}}],"misses":["TikTok","Instagram","Reddit","Twitter","Twitch","Facebook","GitHub","YouTube","Snapchat","LinkedIn","SoundCloud","Behance","DeviantArt","Patreon","Mastodon","Vimeo","GitLab","Bitbucket","Tumblr","Dribbble","Flickr","Pinterest"]},"ruq4yy4":{"hits":[{"Discord":{"url":"https://discord.com/users/ruq4yy4","status":"active","username":"ruq4yy4","formatted":"ruq4yy4"}},{"Steam":{"url":"https://steamcommunity.com/id/ruq4yy4","status":"active","username":"ruq4yy4","formatted":"ruq4yy4"}},{"Medium":{"url":"https://medium.com/@%40ruq4yy4","status":"active","username":"ruq4yy4","formatted":"@ruq4yy4"}}],"misses":["TikTok","Twitter","Facebook","Instagram","Twitch","YouTube","GitHub","Snapchat","LinkedIn","Behance","DeviantArt","SoundCloud","Patreon","Bitbucket","Mastodon","GitLab","Vimeo","Tumblr","Dribbble","Flickr","Reddit","Pinterest"]},"Ruqayya4":{"hits":[{"Discord":{"url":"https://discord.com/users/Ruqayya4","status":"active","username":"Ruqayya4","formatted":"Ruqayya4"}},{"Steam":{"url":"https://steamcommunity.com/id/Ruqayya4","status":"active","username":"Ruqayya4","formatted":"Ruqayya4"}},{"Medium":{"url":"https://medium.com/@%40Ruqayya4","status":"active","username":"Ruqayya4","formatted":"@Ruqayya4"}}],"misses":["Instagram","Facebook","Twitter","TikTok","YouTube","Twitch","GitHub","SoundCloud","LinkedIn","Snapchat","DeviantArt","Behance","Patreon","Vimeo","Mastodon","Bitbucket","GitLab","Tumblr","Dribbble","Flickr","Reddit","Pinterest"]},"ruqayya1":{"hits":[{"Discord":{"url":"https://discord.com/users/ruqayya1","status":"active","username":"ruqayya1","formatted":"ruqayya1"}},{"GitHub":{"url":"https://github.com/ruqayya1","status":"active","username":"ruqayya1","formatted":"ruqayya1"}},{"Medium":{"url":"https://medium.com/@%40ruqayya1","status":"active","username":"ruqayya1","formatted":"@ruqayya1"}},{"Steam":{"url":"https://steamcommunity.com/id/ruqayya1","status":"active","username":"ruqayya1","formatted":"ruqayya1"}}],"misses":["Reddit","Twitter","Instagram","TikTok","Facebook","Twitch","YouTube","LinkedIn","Snapchat","DeviantArt","Behance","SoundCloud","Patreon","Mastodon","Bitbucket","GitLab","Vimeo","Tumblr","Dribbble","Flickr","Pinterest"]},"Ruqayyax":{"hits":[{"Discord":{"url":"https://discord.com/users/Ruqayyax","status":"active","username":"Ruqayyax","formatted":"Ruqayyax"}},{"Steam":{"url":"https://steamcommunity.com/id/Ruqayyax","status":"active","username":"Ruqayyax","formatted":"Ruqayyax"}},{"Medium":{"url":"https://medium.com/@%40Ruqayyax","status":"active","username":"Ruqayyax","formatted":"@Ruqayyax"}}],"misses":["TikTok","Twitter","Instagram","Facebook","YouTube","Twitch","GitHub","LinkedIn","Snapchat","DeviantArt","Behance","SoundCloud","Patreon","Vimeo","Mastodon","Bitbucket","GitLab","Tumblr","Dribbble","Flickr","Reddit","Pinterest"]},"Ruqayya3":{"hits":[{"Discord":{"url":"https://discord.com/users/Ruqayya3","status":"active","username":"Ruqayya3","formatted":"Ruqayya3"}},{"Steam":{"url":"https://steamcommunity.com/id/Ruqayya3","status":"active","username":"Ruqayya3","formatted":"Ruqayya3"}},{"Medium":{"url":"https://medium.com/@%40Ruqayya3","status":"active","username":"Ruqayya3","formatted":"@Ruqayya3"}}],"misses":["Instagram","Twitter","Reddit","TikTok","Facebook","Twitch","YouTube","Snapchat","LinkedIn","Behance","DeviantArt","GitHub","SoundCloud","Vimeo","Patreon","Mastodon","Bitbucket","GitLab","Tumblr","Dribbble","Flickr","Pinterest"]},"Ruq4yy4":{"hits":[{"Discord":{"url":"https://discord.com/users/Ruq4yy4","status":"active","username":"Ruq4yy4","formatted":"Ruq4yy4"}},{"Steam":{"url":"https://steamcommunity.com/id/Ruq4yy4","status":"active","username":"Ruq4yy4","formatted":"Ruq4yy4"}},{"Medium":{"url":"https://medium.com/@%40Ruq4yy4","status":"active","username":"Ruq4yy4","formatted":"@Ruq4yy4"}}],"misses":["Instagram","Twitter","TikTok","GitHub","Facebook","Twitch","YouTube","LinkedIn","Snapchat","Behance","DeviantArt","SoundCloud","Patreon","Mastodon","Bitbucket","Vimeo","GitLab","Tumblr","Dribbble","Flickr","Reddit","Pinterest"]},"ruqayya3":{"hits":[{"Discord":{"url":"https://discord.com/users/ruqayya3","status":"active","username":"ruqayya3","formatted":"ruqayya3"}},{"Steam":{"url":"https://steamcommunity.com/id/ruqayya3","status":"active","username":"ruqayya3","formatted":"ruqayya3"}},{"Medium":{"url":"https://medium.com/@%40ruqayya3","status":"active","username":"ruqayya3","formatted":"@ruqayya3"}}],"misses":["Twitter","Instagram","GitHub","Facebook","TikTok","Twitch","YouTube","Snapchat","DeviantArt","LinkedIn","SoundCloud","Behance","Vimeo","Patreon","Bitbucket","Mastodon","GitLab","Tumblr","Dribbble","Flickr","Reddit","Pinterest"]},"Ruqayya1":{"hits":[{"GitHub":{"url":"https://github.com/Ruqayya1","status":"active","username":"Ruqayya1","formatted":"Ruqayya1"}},{"Discord":{"url":"https://discord.com/users/Ruqayya1","status":"active","username":"Ruqayya1","formatted":"Ruqayya1"}},{"Steam":{"url":"https://steamcommunity.com/id/Ruqayya1","status":"active","username":"Ruqayya1","formatted":"Ruqayya1"}}],"misses":["Twitter","Instagram","TikTok","Facebook","Twitch","YouTube","LinkedIn","Snapchat","DeviantArt","Behance","SoundCloud","Vimeo","Patreon","Mastodon","Bitbucket","GitLab","Tumblr","Dribbble","Flickr","Reddit","Pinterest","Medium"]},"ruqayya":{"hits":[{"Discord":{"url":"https://discord.com/users/ruqayya","status":"active","username":"ruqayya","formatted":"ruqayya"}},{"GitHub":{"url":"https://github.com/ruqayya","status":"active","username":"ruqayya","formatted":"ruqayya"}},{"SoundCloud":{"url":"https://soundcloud.com/ruqayya","status":"active","username":"ruqayya","formatted":"ruqayya"}},{"Steam":{"url":"https://steamcommunity.com/id/ruqayya","status":"active","username":"ruqayya","formatted":"ruqayya"}},{"GitLab":{"url":"https://gitlab.com/ruqayya","status":"active","username":"ruqayya","formatted":"ruqayya"}},{"Medium":{"url":"https://medium.com/@%40ruqayya","status":"active","username":"ruqayya","formatted":"@ruqayya"}}],"misses":["Twitter","Instagram","TikTok","Facebook","YouTube","Twitch","LinkedIn","Snapchat","DeviantArt","Behance","Vimeo","Patreon","Mastodon","Bitbucket","Tumblr","Dribbble","Flickr","Reddit","Pinterest"]},"ruqayya2":{"hits":[{"Discord":{"url":"https://discord.com/users/ruqayya2","status":"active","username":"ruqayya2","formatted":"ruqayya2"}},{"SoundCloud":{"url":"https://soundcloud.com/ruqayya2","status":"active","username":"ruqayya2","formatted":"ruqayya2"}},{"Steam":{"url":"https://steamcommunity.com/id/ruqayya2","status":"active","username":"ruqayya2","formatted":"ruqayya2"}},{"Medium":{"url":"https://medium.com/@%40ruqayya2","status":"active","username":"ruqayya2","formatted":"@ruqayya2"}}],"misses":["Twitter","Instagram","Reddit","TikTok","Facebook","Twitch","YouTube","GitHub","LinkedIn","Snapchat","DeviantArt","Behance","Vimeo","Patreon","Mastodon","Bitbucket","GitLab","Tumblr","Dribbble","Flickr","Pinterest"]},"xruqayya":{"hits":[{"Discord":{"url":"https://discord.com/users/xruqayya","status":"active","username":"xruqayya","formatted":"xruqayya"}},{"Steam":{"url":"https://steamcommunity.com/id/xruqayya","status":"active","username":"xruqayya","formatted":"xruqayya"}},{"Medium":{"url":"https://medium.com/@%40xruqayya","status":"active","username":"xruqayya","formatted":"@xruqayya"}}],"misses":["Twitter","Instagram","Reddit","TikTok","GitHub","Facebook","Twitch","YouTube","LinkedIn","Snapchat","DeviantArt","Behance","SoundCloud","Vimeo","Patreon","Mastodon","Bitbucket","GitLab","Tumblr","Dribbble","Flickr","Pinterest"]},"2ruqayya":{"hits":[{"Discord":{"url":"https://discord.com/users/2ruqayya","status":"active","username":"2ruqayya","formatted":"2ruqayya"}},{"Steam":{"url":"https://steamcommunity.com/id/2ruqayya","status":"active","username":"2ruqayya","formatted":"2ruqayya"}}],"misses":["Twitter","Instagram","Facebook","TikTok","Twitch","YouTube","LinkedIn","Snapchat","GitHub","Behance","SoundCloud","Vimeo","Mastodon","Patreon","DeviantArt","Bitbucket","Tumblr","GitLab","Dribbble","Flickr","Reddit","Pinterest","Medium"]},"ruqayya#":{"hits":[{"Discord":{"url":"https://discord.com/users/ruqayya%23","status":"active","username":"ruqayya#","formatted":"ruqayya#"}},{"Steam":{"url":"https://steamcommunity.com/id/ruqayya%23","status":"active","username":"ruqayya#","formatted":"ruqayya#"}}],"misses":["Instagram","Twitter","TikTok","Facebook","GitHub","Twitch","YouTube","Snapchat","LinkedIn","SoundCloud","DeviantArt","Behance","Patreon","Mastodon","Vimeo","Bitbucket","GitLab","Flickr","Dribbble","Reddit","Tumblr","Pinterest","Medium"]},"3ruqayya":{"hits":[{"Discord":{"url":"https://discord.com/users/3ruqayya","status":"active","username":"3ruqayya","formatted":"3ruqayya"}},{"Steam":{"url":"https://steamcommunity.com/id/3ruqayya","status":"active","username":"3ruqayya","formatted":"3ruqayya"}},{"Medium":{"url":"https://medium.com/@%403ruqayya","status":"active","username":"3ruqayya","formatted":"@3ruqayya"}}],"misses":["Twitter","Instagram","TikTok","GitHub","Facebook","Twitch","YouTube","Snapchat","LinkedIn","DeviantArt","Behance","SoundCloud","Patreon","Vimeo","Bitbucket","GitLab","Mastodon","Tumblr","Dribbble","Flickr","Reddit","Pinterest"]},"ruqayya@":{"hits":[{"Discord":{"url":"https://discord.com/users/ruqayya%40","status":"active","username":"ruqayya@","formatted":"ruqayya@"}},{"Steam":{"url":"https://steamcommunity.com/id/ruqayya%40","status":"active","username":"ruqayya@","formatted":"ruqayya@"}},{"Medium":{"url":"https://medium.com/@ruqayya%40","status":"active","username":"ruqayya@","formatted":"ruqayya@"}}],"misses":["TikTok","Twitter","Instagram","Facebook","YouTube","Twitch","GitHub","Snapchat","LinkedIn","Behance","DeviantArt","SoundCloud","Flickr","Patreon","Vimeo","Mastodon","Bitbucket","GitLab","Dribbble","Tumblr","Pinterest","Reddit"]},"RUQAYYA":{"hits":[{"Discord":{"url":"https://discord.com/users/RUQAYYA","status":"active","username":"RUQAYYA","formatted":"RUQAYYA"}},{"GitHub":{"url":"https://github.com/RUQAYYA","status":"active","username":"RUQAYYA","formatted":"RUQAYYA"}},{"Steam":{"url":"https://steamcommunity.com/id/RUQAYYA","status":"active","username":"RUQAYYA","formatted":"RUQAYYA"}},{"Medium":{"url":"https://medium.com/@%40RUQAYYA","status":"active","username":"RUQAYYA","formatted":"@RUQAYYA"}}],"misses":["Twitter","Instagram","TikTok","Facebook","Twitch","YouTube","LinkedIn","SoundCloud","Snapchat","DeviantArt","Behance","Vimeo","Patreon","Mastodon","Bitbucket","GitLab","Tumblr","Dribbble","Flickr","Reddit","Pinterest"]}}