{"muhammadkhalidbinwalid#":{"hits":[{"Discord":{"url":"https://discord.com/users/muhammadkhalidbinwalid%23","status":"active","username":"muhammadkhalidbinwalid#","formatted":"muhammadkhalidbinwalid#"}},{"Steam":{"url":"https://steamcommunity.com/id/muhammadkhalidbinwalid%23","status":"active","username":"muhammadkhalidbinwalid#","formatted":"muhammadkhalidbinwalid#"}},{"Medium":{"url":"https://medium.com/@%40muhammadkhalidbinwalid%23","status":"active","username":"muhammadkhalidbinwalid#","formatted":"@muhammadkhalidbinwalid#"}}],"misses":["Twitch","Reddit","Snapchat","Behance","Instagram","YouTube","Twitter","Facebook","GitHub","LinkedIn","Mastodon","SoundCloud","Patreon","Bitbucket","GitLab","Flickr","DeviantArt","Vimeo","Dribbble","TikTok","Tumblr","Pinterest"]},"muhammadkhalidbinwalidx":{"hits":[{"Discord":{"url":"https://discord.com/users/muhammadkhalidbinwalidx","status":"active","username":"muhammadkhalidbinwalidx","formatted":"muhammadkhalidbinwalidx"}},{"Steam":{"url":"https://steamcommunity.com/id/muhammadkhalidbinwalidx","status":"active","username":"muhammadkhalidbinwalidx","formatted":"muhammadkhalidbinwalidx"}},{"Medium":{"url":"https://medium.com/@%40muhammadkhalidbinwalidx","status":"active","username":"muhammadkhalidbinwalidx","formatted":"@muhammadkhalidbinwalidx"}}],"misses":["TikTok","Twitch","Snapchat","Instagram","YouTube","Twitter","SoundCloud","Behance","Facebook","LinkedIn","GitHub","Patreon","Mastodon","Vimeo","Bitbucket","GitLab","DeviantArt","Tumblr","Dribbble","Flickr","Reddit","Pinterest"]},"muhammadkhalidbinwalid3":{"hits":[{"Discord":{"url":"https://discord.com/users/muhammadkhalidbinwalid3","status":"active","username":"muhammadkhalidbinwalid3","formatted":"muhammadkhalidbinwalid3"}},{"Steam":{"url":"https://steamcommunity.com/id/muhammadkhalidbinwalid3","status":"active","username":"muhammadkhalidbinwalid3","formatted":"muhammadkhalidbinwalid3"}},{"Medium":{"url":"https://medium.com/@%40muhammadkhalidbinwalid3","status":"active","username":"muhammadkhalidbinwalid3","formatted":"@muhammadkhalidbinwalid3"}}],"misses":["TikTok","Twitch","Instagram","Snapchat","Twitter","YouTube","Facebook","Behance","SoundCloud","LinkedIn","GitHub","Patreon","Vimeo","Bitbucket","GitLab","DeviantArt","Mastodon","Tumblr","Dribbble","Flickr","Pinterest","Reddit"]},"4muhammadkhalidbinwalid":{"hits":[{"Discord":{"url":"https://discord.com/users/4muhammadkhalidbinwalid","status":"active","username":"4muhammadkhalidbinwalid","formatted":"4muhammadkhalidbinwalid"}},{"Steam":{"url":"https://steamcommunity.com/id/4muhammadkhalidbinwalid","status":"active","username":"4muhammadkhalidbinwalid","formatted":"4muhammadkhalidbinwalid"}},{"Medium":{"url":"https://medium.com/@%404muhammadkhalidbinwalid","status":"active","username":"4muhammadkhalidbinwalid","formatted":"@4muhammadkhalidbinwalid"}}],"misses":["TikTok","Instagram","Twitch","Twitter","Facebook","Snapchat","YouTube","Behance","GitHub","LinkedIn","SoundCloud","Vimeo","Mastodon","Patreon","Bitbucket","GitLab","DeviantArt","Tumblr","Dribbble","Flickr","Reddit","Pinterest"]},"muhammadkha1idbinwa1id":{"hits":[{"Discord":{"url":"https://discord.com/users/muhammadkha1idbinwa1id","status":"active","username":"muhammadkha1idbinwa1id","formatted":"muhammadkha1idbinwa1id"}},{"Steam":{"url":"https://steamcommunity.com/id/muhammadkha1idbinwa1id","status":"active","username":"muhammadkha1idbinwa1id","formatted":"muhammadkha1idbinwa1id"}},{"Medium":{"url":"https://medium.com/@%40muhammadkha1idbinwa1id","status":"active","username":"muhammadkha1idbinwa1id","formatted":"@muhammadkha1idbinwa1id"}}],"misses":["TikTok","Twitch","Facebook","Twitter","YouTube","Snapchat","Instagram","GitHub","LinkedIn","Behance","SoundCloud","Patreon","Mastodon","Vimeo","Bitbucket","DeviantArt","GitLab","Tumblr","Dribbble","Flickr","Pinterest","Reddit"]},"xmuhammadkhalidbinwalid":{"hits":[{"Discord":{"url":"https://discord.com/users/xmuhammadkhalidbinwalid","status":"active","username":"xmuhammadkhalidbinwalid","formatted":"xmuhammadkhalidbinwalid"}},{"Steam":{"url":"https://steamcommunity.com/id/xmuhammadkhalidbinwalid","status":"active","username":"xmuhammadkhalidbinwalid","formatted":"xmuhammadkhalidbinwalid"}}],"misses":["TikTok","Reddit","Instagram","Twitch","Twitter","YouTube","Facebook","Snapchat","DeviantArt","LinkedIn","Behance","SoundCloud","GitHub","Patreon","Mastodon","Vimeo","Bitbucket","GitLab","Tumblr","Dribbble","Flickr","Pinterest","Medium"]},"Muhammadkhalidbinwalid":{"hits":[{"Discord":{"url":"https://discord.com/users/Muhammadkhalidbinwalid","status":"active","username":"Muhammadkhalidbinwalid","formatted":"Muhammadkhalidbinwalid"}},{"Steam":{"url":"https://steamcommunity.com/id/Muhammadkhalidbinwalid","status":"active","username":"Muhammadkhalidbinwalid","formatted":"Muhammadkhalidbinwalid"}}],"misses":["TikTok","Twitch","Instagram","Twitter","YouTube","Snapchat","Facebook","GitHub","SoundCloud","DeviantArt","LinkedIn","Behance","Patreon","Mastodon","Vimeo","Bitbucket","GitLab","Tumblr","Dribbble","Flickr","Reddit","Pinterest","Medium"]},"@muhammadkhalidbinwalid":{"hits":[{"Discord":{"url":"https://discord.com/users/%40muhammadkhalidbinwalid","status":"active","username":"@muhammadkhalidbinwalid","formatted":"@muhammadkhalidbinwalid"}},{"Steam":{"url":"https://steamcommunity.com/id/%40muhammadkhalidbinwalid","status":"active","username":"@muhammadkhalidbinwalid","formatted":"@muhammadkhalidbinwalid"}},{"Medium":{"url":"https://medium.com/@%40muhammadkhalidbinwalid","status":"active","username":"@muhammadkhalidbinwalid","formatted":"@muhammadkhalidbinwalid"}}],"misses":["TikTok","Tumblr","Reddit","Twitch","Instagram","Twitter","Facebook","YouTube","Snapchat","DeviantArt","Behance","LinkedIn","SoundCloud","Flickr","GitHub","Patreon","Vimeo","Mastodon","Bitbucket","GitLab","Dribbble","Pinterest"]},"muhammadkhalidbinwalid4":{"hits":[{"Discord":{"url":"https://discord.com/users/muhammadkhalidbinwalid4","status":"active","username":"muhammadkhalidbinwalid4","formatted":"muhammadkhalidbinwalid4"}},{"Steam":{"url":"https://steamcommunity.com/id/muhammadkhalidbinwalid4","status":"active","username":"muhammadkhalidbinwalid4","formatted":"muhammadkhalidbinwalid4"}},{"Medium":{"url":"https://medium.com/@%40muhammadkhalidbinwalid4","status":"active","username":"muhammadkhalidbinwalid4","formatted":"@muhammadkhalidbinwalid4"}}],"misses":["TikTok","Instagram","Twitter","Twitch","Facebook","YouTube","GitHub","Snapchat","Behance","DeviantArt","LinkedIn","SoundCloud","Patreon","Mastodon","Vimeo","Bitbucket","GitLab","Tumblr","Dribbble","Reddit","Flickr","Pinterest"]},"muhammadkhalidbinwalid2":{"hits":[{"Discord":{"url":"https://discord.com/users/muhammadkhalidbinwalid2","status":"active","username":"muhammadkhalidbinwalid2","formatted":"muhammadkhalidbinwalid2"}},{"Steam":{"url":"https://steamcommunity.com/id/muhammadkhalidbinwalid2","status":"active","username":"muhammadkhalidbinwalid2","formatted":"muhammadkhalidbinwalid2"}},{"Medium":{"url":"https://medium.com/@%40muhammadkhalidbinwalid2","status":"active","username":"muhammadkhalidbinwalid2","formatted":"@muhammadkhalidbinwalid2"}}],"misses":["TikTok","Reddit","Twitter","Instagram","Twitch","YouTube","GitHub","Snapchat","LinkedIn","Behance","Facebook","SoundCloud","Patreon","Mastodon","Vimeo","Bitbucket","DeviantArt","Tumblr","GitLab","Dribbble","Flickr","Pinterest"]},"MUHAMMADKHALIDBINWALID":{"hits":[{"Discord":{"url":"https://discord.com/users/MUHAMMADKHALIDBINWALID","status":"active","username":"MUHAMMADKHALIDBINWALID","formatted":"MUHAMMADKHALIDBINWALID"}},{"Steam":{"url":"https://steamcommunity.com/id/MUHAMMADKHALIDBINWALID","status":"active","username":"MUHAMMADKHALIDBINWALID","formatted":"MUHAMMADKHALIDBINWALID"}},{"Medium":{"url":"https://medium.com/@%40MUHAMMADKHALIDBINWALID","status":"active","username":"MUHAMMADKHALIDBINWALID","formatted":"@MUHAMMADKHALIDBINWALID"}}],"misses":["TikTok","Instagram","Twitch","Facebook","Twitter","YouTube","GitHub","Snapchat","LinkedIn","SoundCloud","Behance","Patreon","Mastodon","Vimeo","Bitbucket","DeviantArt","GitLab","Tumblr","Dribbble","Flickr","Reddit","Pinterest"]},"muhammadkhalidbinwalid":{"hits":[{"Discord":{"url":"https://discord.com/users/muhammadkhalidbinwalid","status":"active","username":"muhammadkhalidbinwalid","formatted":"muhammadkhalidbinwalid"}},{"Steam":{"url":"https://steamcommunity.com/id/muhammadkhalidbinwalid","status":"active","username":"muhammadkhalidbinwalid","formatted":"muhammadkhalidbinwalid"}},{"Medium":{"url":"https://medium.com/@%40muhammadkhalidbinwalid","status":"active","username":"muhammadkhalidbinwalid","formatted":"@muhammadkhalidbinwalid"}}],"misses":["TikTok","Twitch","Twitter","Instagram","YouTube","Facebook","LinkedIn","Snapchat","SoundCloud","Behance","DeviantArt","GitHub","Mastodon","Bitbucket","Vimeo","GitLab","Tumblr","Patreon","Dribbble","Flickr","Reddit","Pinterest"]},"muhammadkhalidbinwalid1":{"hits":[{"Discord":{"url":"https://discord.com/users/muhammadkhalidbinwalid1","status":"active","username":"muhammadkhalidbinwalid1","formatted":"muhammadkhalidbinwalid1"}},{"Steam":{"url":"https://steamcommunity.com/id/muhammadkhalidbinwalid1","status":"active","username":"muhammadkhalidbinwalid1","formatted":"muhammadkhalidbinwalid1"}}],"misses":["Reddit","TikTok","Twitch","Twitter","Facebook","Instagram","YouTube","GitHub","Snapchat","LinkedIn","SoundCloud","Behance","DeviantArt","Patreon","Vimeo","Mastodon","Bitbucket","Tumblr","GitLab","Dribbble","Flickr","Pinterest","Medium"]},"3muhammadkhalidbinwalid":{"hits":[{"Discord":{"url":"https://discord.com/users/3muhammadkhalidbinwalid","status":"active","username":"3muhammadkhalidbinwalid","formatted":"3muhammadkhalidbinwalid"}},{"Steam":{"url":"https://steamcommunity.com/id/3muhammadkhalidbinwalid","status":"active","username":"3muhammadkhalidbinwalid","formatted":"3muhammadkhalidbinwalid"}},{"Medium":{"url":"https://medium.com/@%403muhammadkhalidbinwalid","status":"active","username":"3muhammadkhalidbinwalid","formatted":"@3muhammadkhalidbinwalid"}}],"misses":["Reddit","Twitter","Instagram","TikTok","YouTube","Facebook","Twitch","GitHub","LinkedIn","Snapchat","SoundCloud","Behance","DeviantArt","Patreon","Vimeo","Mastodon","GitLab","Bitbucket","Tumblr","Dribbble","Flickr","Pinterest"]},"muhammadkhalidbinwalid@":{"hits":[{"Discord":{"url":"https://discord.com/users/muhammadkhalidbinwalid%40","status":"active","username":"muhammadkhalidbinwalid@","formatted":"muhammadkhalidbinwalid@"}},{"Steam":{"url":"https://steamcommunity.com/id/muhammadkhalidbinwalid%40","status":"active","username":"muhammadkhalidbinwalid@","formatted":"muhammadkhalidbinwalid@"}},{"Medium":{"url":"https://medium.com/@muhammadkhalidbinwalid%40","status":"active","username":"muhammadkhalidbinwalid@","formatted":"muhammadkhalidbinwalid@"}}],"misses":["Instagram","Twitter","Facebook","YouTube","Reddit","TikTok","GitHub","Twitch","Snapchat","LinkedIn","Behance","DeviantArt","Flickr","Patreon","SoundCloud","Bitbucket","Vimeo","GitLab","Mastodon","Dribbble","Tumblr","Pinterest"]},"2muhammadkhalidbinwalid":{"hits":[{"Discord":{"url":"https://discord.com/users/2muhammadkhalidbinwalid","status":"active","username":"2muhammadkhalidbinwalid","formatted":"2muhammadkhalidbinwalid"}},{"Steam":{"url":"https://steamcommunity.com/id/2muhammadkhalidbinwalid","status":"active","username":"2muhammadkhalidbinwalid","formatted":"2muhammadkhalidbinwalid"}},{"Medium":{"url":"https://medium.com/@%402muhammadkhalidbinwalid","status":"active","username":"2muhammadkhalidbinwalid","formatted":"@2muhammadkhalidbinwalid"}}],"misses":["Twitter","Instagram","TikTok","Twitch","Facebook","YouTube","LinkedIn","Snapchat","GitHub","Behance","DeviantArt","SoundCloud","Patreon","Mastodon","Vimeo","GitLab","Bitbucket","Tumblr","Dribbble","Flickr","Reddit","Pinterest"]},"muh4mm4dkh4lidbinw4lid":{"hits":[{"Discord":{"url":"https://discord.com/users/muh4mm4dkh4lidbinw4lid","status":"active","username":"muh4mm4dkh4lidbinw4lid","formatted":"muh4mm4dkh4lidbinw4lid"}},{"Steam":{"url":"https://steamcommunity.com/id/muh4mm4dkh4lidbinw4lid","status":"active","username":"muh4mm4dkh4lidbinw4lid","formatted":"muh4mm4dkh4lidbinw4lid"}}],"misses":["Twitter","Instagram","Reddit","YouTube","TikTok","GitHub","Twitch","Facebook","LinkedIn","Snapchat","Behance","DeviantArt","SoundCloud","Patreon","Vimeo","Mastodon","Bitbucket","GitLab","Tumblr","Dribbble","Flickr","Medium","Pinterest"]},"#muhammadkhalidbinwalid":{"hits":[{"Discord":{"url":"https://discord.com/users/%23muhammadkhalidbinwalid","status":"active","username":"#muhammadkhalidbinwalid","formatted":"#muhammadkhalidbinwalid"}},{"Steam":{"url":"https://steamcommunity.com/id/%23muhammadkhalidbinwalid","status":"active","username":"#muhammadkhalidbinwalid","formatted":"#muhammadkhalidbinwalid"}},{"Medium":{"url":"https://medium.com/@%40%23muhammadkhalidbinwalid","status":"active","username":"#muhammadkhalidbinwalid","formatted":"@#muhammadkhalidbinwalid"}}],"misses":["Twitter","Instagram","TikTok","GitHub","Facebook","Tumblr","Twitch","YouTube","Snapchat","SoundCloud","LinkedIn","DeviantArt","Behance","Flickr","Patreon","Vimeo","Bitbucket","Mastodon","GitLab","Dribbble","Reddit","Pinterest"]},"muhamadkhalidbinwalid":{"hits":[{"Discord":{"url":"https://discord.com/users/muhamadkhalidbinwalid","status":"active","username":"muhamadkhalidbinwalid","formatted":"muhamadkhalidbinwalid"}},{"Medium":{"url":"https://medium.com/@%40muhamadkhalidbinwalid","status":"active","username":"muhamadkhalidbinwalid","formatted":"@muhamadkhalidbinwalid"}},{"Steam":{"url":"https://steamcommunity.com/id/muhamadkhalidbinwalid","status":"active","username":"muhamadkhalidbinwalid","formatted":"muhamadkhalidbinwalid"}}],"misses":["Twitter","Reddit","Instagram","GitHub","Facebook","TikTok","Twitch","YouTube","LinkedIn","Snapchat","Behance","DeviantArt","SoundCloud","Patreon","Vimeo","Bitbucket","Mastodon","GitLab","Tumblr","Dribbble","Flickr","Pinterest"]},"muhammadkhal1db1nwal1d":{"hits":[{"Discord":{"url":"https://discord.com/users/muhammadkhal1db1nwal1d","status":"active","username":"muhammadkhal1db1nwal1d","formatted":"muhammadkhal1db1nwal1d"}},{"Steam":{"url":"https://steamcommunity.com/id/muhammadkhal1db1nwal1d","status":"active","username":"muhammadkhal1db1nwal1d","formatted":"muhammadkhal1db1nwal1d"}},{"Medium":{"url":"https://medium.com/@%40muhammadkhal1db1nwal1d","status":"active","username":"muhammadkhal1db1nwal1d","formatted":"@muhammadkhal1db1nwal1d"}}],"misses":["Twitter","Instagram","TikTok","GitHub","Twitch","YouTube","Facebook","Snapchat","LinkedIn","Behance","DeviantArt","SoundCloud","Vimeo","Patreon","Mastodon","Bitbucket","GitLab","Tumblr","Dribbble","Flickr","Reddit","Pinterest"]},"1muhammadkhalidbinwalid":{"hits":[{"Discord":{"url":"https://discord.com/users/1muhammadkhalidbinwalid","status":"active","username":"1muhammadkhalidbinwalid","formatted":"1muhammadkhalidbinwalid"}},{"Steam":{"url":"https://steamcommunity.com/id/1muhammadkhalidbinwalid","status":"active","username":"1muhammadkhalidbinwalid","formatted":"1muhammadkhalidbinwalid"}}],"misses":["Twitter","Reddit","GitHub","TikTok","Instagram","Facebook","Twitch","YouTube","LinkedIn","Snapchat","DeviantArt","Behance","SoundCloud","Vimeo","Patreon","Bitbucket","Mastodon","GitLab","Tumblr","Dribbble","Flickr","Pinterest","Medium"]}}