{"Wilsmith":{"hits":[{"Discord":{"url":"https://discord.com/users/Wilsmith","status":"active","username":"Wilsmith","formatted":"Wilsmith"}},{"GitHub":{"url":"https://github.com/Wilsmith","status":"active","username":"Wilsmith","formatted":"Wilsmith"}},{"Steam":{"url":"https://steamcommunity.com/id/Wilsmith","status":"active","username":"Wilsmith","formatted":"Wilsmith"}},{"Medium":{"url":"https://medium.com/@%40Wilsmith","status":"active","username":"Wilsmith","formatted":"@Wilsmith"}}],"misses":["Snapchat","Twitch","Behance","YouTube","Notion","Instagram","ResearchGate","SoundCloud","LeetCode","Twitter","Facebook","Spotify","Last.fm","Codewars","TripAdvisor","Datacamp","ORCID","Patreon","Stack Exchange","GitLab","WordPress","Mastodon","Bitbucket","DeviantArt","Vimeo","Strava","Dev.to","Tumblr","Coursera","Hackaday.io","Dribbble","TikTok","Quora","Couchsurfing","Podbean","Flickr","LinkedIn","Weibo","Reddit","VK","Pinterest"]},"wilsmith4":{"hits":[{"Discord":{"url":"https://discord.com/users/wilsmith4","status":"active","username":"wilsmith4","formatted":"wilsmith4"}},{"Steam":{"url":"https://steamcommunity.com/id/wilsmith4","status":"active","username":"wilsmith4","formatted":"wilsmith4"}},{"Spotify":{"url":"https://open.spotify.com/user/wilsmith4","status":"active","username":"wilsmith4","formatted":"wilsmith4"}},{"Medium":{"url":"https://medium.com/@%40wilsmith4","status":"active","username":"wilsmith4","formatted":"@wilsmith4"}}],"misses":["Reddit","Twitch","Snapchat","Instagram","Twitter","Facebook","YouTube","GitHub","Behance","SoundCloud","ResearchGate","LeetCode","Notion","Mastodon","Patreon","Coursera","Codewars","Vimeo","Last.fm","TripAdvisor","DeviantArt","Bitbucket","ORCID","Datacamp","WordPress","Strava","Tumblr","Dev.to","LinkedIn","VK","Hackaday.io","Couchsurfing","Dribbble","Quora","Stack Exchange","GitLab","Podbean","Weibo","TikTok","Flickr","Pinterest"]},"wilsmith3":{"hits":[{"Discord":{"url":"https://discord.com/users/wilsmith3","status":"active","username":"wilsmith3","formatted":"wilsmith3"}},{"GitHub":{"url":"https://github.com/wilsmith3","status":"active","username":"wilsmith3","formatted":"wilsmith3"}},{"Steam":{"url":"https://steamcommunity.com/id/wilsmith3","status":"active","username":"wilsmith3","formatted":"wilsmith3"}},{"Spotify":{"url":"https://open.spotify.com/user/wilsmith3","status":"active","username":"wilsmith3","formatted":"wilsmith3"}},{"Medium":{"url":"https://medium.com/@%40wilsmith3","status":"active","username":"wilsmith3","formatted":"@wilsmith3"}}],"misses":["Instagram","Twitter","Twitch","Snapchat","YouTube","Behance","Facebook","LinkedIn","SoundCloud","ResearchGate","Patreon","LeetCode","Mastodon","Dev.to","Notion","Vimeo","Codewars","Last.fm","Bitbucket","GitLab","DeviantArt","ORCID","Stack Exchange","Datacamp","Strava","Tumblr","TripAdvisor","Hackaday.io","Dribbble","Couchsurfing","Coursera","Podbean","Flickr","Weibo","TikTok","Reddit","WordPress","VK","Pinterest","Quora"]},"xwilsmith":{"hits":[{"Discord":{"url":"https://discord.com/users/xwilsmith","status":"active","username":"xwilsmith","formatted":"xwilsmith"}},{"Steam":{"url":"https://steamcommunity.com/id/xwilsmith","status":"active","username":"xwilsmith","formatted":"xwilsmith"}},{"Medium":{"url":"https://medium.com/@%40xwilsmith","status":"active","username":"xwilsmith","formatted":"@xwilsmith"}}],"misses":["Twitter","Twitch","Snapchat","Facebook","Behance","YouTube","GitHub","LinkedIn","Instagram","SoundCloud","ResearchGate","Patreon","Vimeo","Spotify","TikTok","LeetCode","Dev.to","Notion","TripAdvisor","Last.fm","Bitbucket","GitLab","DeviantArt","Mastodon","Codewars","Coursera","ORCID","Strava","Tumblr","WordPress","Datacamp","Hackaday.io","VK","Dribbble","Couchsurfing","Podbean","Weibo","Flickr","Stack Exchange","Reddit","Pinterest","Quora"]},"wilsmith2":{"hits":[{"Discord":{"url":"https://discord.com/users/wilsmith2","status":"active","username":"wilsmith2","formatted":"wilsmith2"}},{"Steam":{"url":"https://steamcommunity.com/id/wilsmith2","status":"active","username":"wilsmith2","formatted":"wilsmith2"}},{"Medium":{"url":"https://medium.com/@%40wilsmith2","status":"active","username":"wilsmith2","formatted":"@wilsmith2"}}],"misses":["Twitch","Instagram","Twitter","Snapchat","YouTube","GitHub","Facebook","LinkedIn","DeviantArt","Behance","SoundCloud","ResearchGate","Patreon","Mastodon","LeetCode","Vimeo","Spotify","Notion","TripAdvisor","Bitbucket","Last.fm","Codewars","GitLab","Coursera","ORCID","Datacamp","Strava","Dev.to","Tumblr","Hackaday.io","Couchsurfing","Dribbble","Podbean","Weibo","TikTok","Reddit","Flickr","Stack Exchange","WordPress","VK","Pinterest","Quora"]},"wilsmithx":{"hits":[{"Discord":{"url":"https://discord.com/users/wilsmithx","status":"active","username":"wilsmithx","formatted":"wilsmithx"}},{"Steam":{"url":"https://steamcommunity.com/id/wilsmithx","status":"active","username":"wilsmithx","formatted":"wilsmithx"}},{"Medium":{"url":"https://medium.com/@%40wilsmithx","status":"active","username":"wilsmithx","formatted":"@wilsmithx"}}],"misses":["Instagram","Facebook","Twitter","Twitch","YouTube","GitHub","Snapchat","SoundCloud","LinkedIn","Behance","DeviantArt","Patreon","ResearchGate","Vimeo","Mastodon","Spotify","Bitbucket","LeetCode","TripAdvisor","GitLab","Last.fm","Notion","Dev.to","Codewars","ORCID","Strava","Datacamp","Tumblr","WordPress","Hackaday.io","Dribbble","Couchsurfing","Quora","Coursera","Flickr","Podbean","Weibo","TikTok","Stack Exchange","VK","Reddit","Pinterest"]},"wilsmith#":{"hits":[{"Discord":{"url":"https://discord.com/users/wilsmith%23","status":"active","username":"wilsmith#","formatted":"wilsmith#"}},{"Steam":{"url":"https://steamcommunity.com/id/wilsmith%23","status":"active","username":"wilsmith#","formatted":"wilsmith#"}},{"Medium":{"url":"https://medium.com/@%40wilsmith%23","status":"active","username":"wilsmith#","formatted":"@wilsmith#"}}],"misses":["Reddit","Instagram","Twitter","Facebook","Twitch","YouTube","LinkedIn","Snapchat","Behance","DeviantArt","GitHub","SoundCloud","Flickr","Vimeo","Patreon","Strava","Spotify","ResearchGate","Dev.to","Bitbucket","Mastodon","LeetCode","GitLab","Last.fm","Notion","TikTok","Codewars","ORCID","Datacamp","Coursera","Hackaday.io","Dribbble","Couchsurfing","TripAdvisor","Weibo","Tumblr","WordPress","Podbean","Stack Exchange","VK","Pinterest","Quora"]},"1wilsmith":{"hits":[{"Discord":{"url":"https://discord.com/users/1wilsmith","status":"active","username":"1wilsmith","formatted":"1wilsmith"}},{"Steam":{"url":"https://steamcommunity.com/id/1wilsmith","status":"active","username":"1wilsmith","formatted":"1wilsmith"}},{"Medium":{"url":"https://medium.com/@%401wilsmith","status":"active","username":"1wilsmith","formatted":"@1wilsmith"}}],"misses":["Instagram","Twitch","Twitter","Facebook","YouTube","GitHub","Snapchat","TikTok","LinkedIn","Behance","DeviantArt","SoundCloud","Patreon","Strava","ResearchGate","Mastodon","Vimeo","Spotify","Dev.to","Bitbucket","Last.fm","GitLab","LeetCode","Notion","Codewars","ORCID","Coursera","Datacamp","WordPress","Tumblr","Dribbble","VK","Hackaday.io","Couchsurfing","TripAdvisor","Flickr","Podbean","Weibo","Reddit","Stack Exchange","Pinterest","Quora"]},"wilsmith":{"hits":[{"Discord":{"url":"https://discord.com/users/wilsmith","status":"active","username":"wilsmith","formatted":"wilsmith"}},{"GitHub":{"url":"https://github.com/wilsmith","status":"active","username":"wilsmith","formatted":"wilsmith"}},{"Steam":{"url":"https://steamcommunity.com/id/wilsmith","status":"active","username":"wilsmith","formatted":"wilsmith"}},{"Spotify":{"url":"https://open.spotify.com/user/wilsmith","status":"active","username":"wilsmith","formatted":"wilsmith"}},{"GitLab":{"url":"https://gitlab.com/wilsmith","status":"active","username":"wilsmith","formatted":"wilsmith"}},{"VK":{"url":"https://vk.com/wilsmith","status":"active","username":"wilsmith","formatted":"wilsmith"}}],"misses":["TikTok","Instagram","Facebook","Twitter","Twitch","YouTube","Snapchat","SoundCloud","LinkedIn","DeviantArt","Behance","Patreon","Mastodon","Dev.to","TripAdvisor","Bitbucket","ResearchGate","Last.fm","LeetCode","Notion","Strava","Codewars","Coursera","ORCID","Tumblr","Datacamp","Hackaday.io","WordPress","Couchsurfing","Dribbble","Quora","Vimeo","Podbean","Weibo","Flickr","Stack Exchange","Pinterest","Medium","Reddit"]},"wilsmith@":{"hits":[{"Discord":{"url":"https://discord.com/users/wilsmith%40","status":"active","username":"wilsmith@","formatted":"wilsmith@"}},{"Steam":{"url":"https://steamcommunity.com/id/wilsmith%40","status":"active","username":"wilsmith@","formatted":"wilsmith@"}},{"Medium":{"url":"https://medium.com/@wilsmith%40","status":"active","username":"wilsmith@","formatted":"wilsmith@"}}],"misses":["TikTok","Twitter","Instagram","Twitch","GitHub","Facebook","YouTube","Snapchat","LinkedIn","Behance","SoundCloud","Patreon","Mastodon","DeviantArt","Bitbucket","GitLab","TripAdvisor","ResearchGate","Spotify","Flickr","LeetCode","Vimeo","Notion","Last.fm","Dev.to","Codewars","Coursera","Strava","ORCID","Datacamp","Hackaday.io","Dribbble","Couchsurfing","VK","Weibo","Tumblr","WordPress","Podbean","Stack Exchange","Pinterest","Reddit","Quora"]},"4wilsmith":{"hits":[{"Discord":{"url":"https://discord.com/users/4wilsmith","status":"active","username":"4wilsmith","formatted":"4wilsmith"}},{"Steam":{"url":"https://steamcommunity.com/id/4wilsmith","status":"active","username":"4wilsmith","formatted":"4wilsmith"}},{"Medium":{"url":"https://medium.com/@%404wilsmith","status":"active","username":"4wilsmith","formatted":"@4wilsmith"}}],"misses":["Instagram","Twitter","TikTok","GitHub","Facebook","Twitch","YouTube","Snapchat","DeviantArt","Behance","LinkedIn","SoundCloud","Patreon","Vimeo","Mastodon","Strava","Dev.to","Bitbucket","TripAdvisor","GitLab","ResearchGate","LeetCode","Spotify","Tumblr","Notion","Codewars","Last.fm","Datacamp","Coursera","ORCID","Dribbble","Hackaday.io","WordPress","Couchsurfing","Quora","Podbean","Flickr","Weibo","Stack Exchange","VK","Pinterest","Reddit"]},"@wilsmith":{"hits":[{"Discord":{"url":"https://discord.com/users/%40wilsmith","status":"active","username":"@wilsmith","formatted":"@wilsmith"}},{"Steam":{"url":"https://steamcommunity.com/id/%40wilsmith","status":"active","username":"@wilsmith","formatted":"@wilsmith"}},{"Medium":{"url":"https://medium.com/@%40wilsmith","status":"active","username":"@wilsmith","formatted":"@wilsmith"}}],"misses":["Twitter","Reddit","Instagram","Tumblr","GitHub","TikTok","YouTube","Twitch","Facebook","LinkedIn","Snapchat","Behance","SoundCloud","Flickr","Patreon","Mastodon","Dev.to","ResearchGate","Vimeo","Bitbucket","GitLab","Strava","WordPress","Podbean","LeetCode","Spotify","TripAdvisor","Notion","Last.fm","DeviantArt","Codewars","Coursera","ORCID","Datacamp","Dribbble","Hackaday.io","Couchsurfing","Weibo","Stack Exchange","Pinterest","VK","Quora"]},"wilsmith1":{"hits":[{"Discord":{"url":"https://discord.com/users/wilsmith1","status":"active","username":"wilsmith1","formatted":"wilsmith1"}},{"GitHub":{"url":"https://github.com/wilsmith1","status":"active","username":"wilsmith1","formatted":"wilsmith1"}},{"Steam":{"url":"https://steamcommunity.com/id/wilsmith1","status":"active","username":"wilsmith1","formatted":"wilsmith1"}},{"Spotify":{"url":"https://open.spotify.com/user/wilsmith1","status":"active","username":"wilsmith1","formatted":"wilsmith1"}},{"Medium":{"url":"https://medium.com/@%40wilsmith1","status":"active","username":"wilsmith1","formatted":"@wilsmith1"}}],"misses":["Reddit","TikTok","Instagram","Twitter","Twitch","Facebook","YouTube","Snapchat","LinkedIn","Behance","DeviantArt","Patreon","Vimeo","Bitbucket","GitLab","TripAdvisor","SoundCloud","ResearchGate","Mastodon","Tumblr","Last.fm","Hackaday.io","Dribbble","Dev.to","ORCID","Strava","Codewars","LeetCode","Couchsurfing","Datacamp","Notion","Coursera","VK","WordPress","Flickr","Podbean","Weibo","Stack Exchange","Quora","Pinterest"]},"wil5mith":{"hits":[{"Discord":{"url":"https://discord.com/users/wil5mith","status":"active","username":"wil5mith","formatted":"wil5mith"}},{"Steam":{"url":"https://steamcommunity.com/id/wil5mith","status":"active","username":"wil5mith","formatted":"wil5mith"}}],"misses":["TikTok","Instagram","Twitch","Twitter","Facebook","YouTube","Snapchat","LinkedIn","DeviantArt","Behance","SoundCloud","GitHub","Vimeo","Patreon","Mastodon","Bitbucket","Dev.to","GitLab","ResearchGate","Strava","Tumblr","Spotify","LeetCode","Codewars","Datacamp","Last.fm","ORCID","Coursera","Dribbble","Notion","Hackaday.io","TripAdvisor","Couchsurfing","Podbean","Flickr","Weibo","WordPress","Stack Exchange","VK","Reddit","Quora","Pinterest","Medium"]},"#wilsmith":{"hits":[{"Discord":{"url":"https://discord.com/users/%23wilsmith","status":"active","username":"#wilsmith","formatted":"#wilsmith"}},{"Steam":{"url":"https://steamcommunity.com/id/%23wilsmith","status":"active","username":"#wilsmith","formatted":"#wilsmith"}},{"Medium":{"url":"https://medium.com/@%40%23wilsmith","status":"active","username":"#wilsmith","formatted":"@#wilsmith"}}],"misses":["TikTok","Twitch","Twitter","Facebook","Instagram","Tumblr","YouTube","GitHub","Snapchat","LinkedIn","SoundCloud","Behance","DeviantArt","Flickr","Vimeo","Patreon","Mastodon","Bitbucket","Dev.to","TripAdvisor","ResearchGate","Spotify","LeetCode","Last.fm","WordPress","Podbean","GitLab","Dribbble","Notion","Coursera","Codewars","ORCID","Strava","Hackaday.io","Quora","Datacamp","Couchsurfing","VK","Weibo","Stack Exchange","Reddit","Pinterest"]},"WILSMITH":{"hits":[{"Discord":{"url":"https://discord.com/users/WILSMITH","status":"active","username":"WILSMITH","formatted":"WILSMITH"}},{"GitHub":{"url":"https://github.com/WILSMITH","status":"active","username":"WILSMITH","formatted":"WILSMITH"}},{"SoundCloud":{"url":"https://soundcloud.com/WILSMITH","status":"active","username":"WILSMITH","formatted":"WILSMITH"}},{"Steam":{"url":"https://steamcommunity.com/id/WILSMITH","status":"active","username":"WILSMITH","formatted":"WILSMITH"}},{"Medium":{"url":"https://medium.com/@%40WILSMITH","status":"active","username":"WILSMITH","formatted":"@WILSMITH"}}],"misses":["Twitter","TikTok","Instagram","Twitch","Facebook","YouTube","Snapchat","LinkedIn","DeviantArt","Behance","Vimeo","Mastodon","Bitbucket","GitLab","Patreon","Strava","ResearchGate","Tumblr","LeetCode","Spotify","Dev.to","Notion","Codewars","Last.fm","ORCID","Coursera","Dribbble","Couchsurfing","Datacamp","Hackaday.io","Quora","WordPress","TripAdvisor","Flickr","Podbean","Weibo","Stack Exchange","VK","Pinterest","Reddit"]},"w1lsm1th":{"hits":[{"Discord":{"url":"https://discord.com/users/w1lsm1th","status":"active","username":"w1lsm1th","formatted":"w1lsm1th"}},{"Steam":{"url":"https://steamcommunity.com/id/w1lsm1th","status":"active","username":"w1lsm1th","formatted":"w1lsm1th"}},{"Medium":{"url":"https://medium.com/@%40w1lsm1th","status":"active","username":"w1lsm1th","formatted":"@w1lsm1th"}}],"misses":["TikTok","Twitch","Twitter","Facebook","YouTube","Instagram","Snapchat","GitHub","LinkedIn","Behance","DeviantArt","SoundCloud","Patreon","Vimeo","Mastodon","Bitbucket","GitLab","ResearchGate","TripAdvisor","Spotify","LeetCode","Last.fm","Dev.to","Tumblr","Notion","Codewars","Coursera","ORCID","Strava","Dribbble","Hackaday.io","Datacamp","Couchsurfing","Flickr","Podbean","Weibo","Reddit","Stack Exchange","WordPress","Quora","VK","Pinterest"]},"3wilsmith":{"hits":[{"Discord":{"url":"https://discord.com/users/3wilsmith","status":"active","username":"3wilsmith","formatted":"3wilsmith"}},{"Steam":{"url":"https://steamcommunity.com/id/3wilsmith","status":"active","username":"3wilsmith","formatted":"3wilsmith"}},{"Medium":{"url":"https://medium.com/@%403wilsmith","status":"active","username":"3wilsmith","formatted":"@3wilsmith"}}],"misses":["Reddit","Instagram","Twitter","TikTok","Twitch","Facebook","GitHub","YouTube","LinkedIn","Snapchat","SoundCloud","Behance","Vimeo","Mastodon","Bitbucket","Dev.to","GitLab","DeviantArt","Patreon","ResearchGate","Spotify","LeetCode","TripAdvisor","Notion","Last.fm","Tumblr","Datacamp","Codewars","ORCID","Dribbble","Coursera","Strava","Couchsurfing","WordPress","Hackaday.io","Podbean","Weibo","Flickr","Stack Exchange","VK","Pinterest","Quora"]},"2wilsmith":{"hits":[{"Discord":{"url":"https://discord.com/users/2wilsmith","status":"active","username":"2wilsmith","formatted":"2wilsmith"}},{"Steam":{"url":"https://steamcommunity.com/id/2wilsmith","status":"active","username":"2wilsmith","formatted":"2wilsmith"}},{"Medium":{"url":"https://medium.com/@%402wilsmith","status":"active","username":"2wilsmith","formatted":"@2wilsmith"}}],"misses":["TikTok","Reddit","Instagram","Twitter","Twitch","Facebook","YouTube","Snapchat","LinkedIn","Behance","GitHub","SoundCloud","Patreon","Mastodon","DeviantArt","Dev.to","Bitbucket","GitLab","Spotify","ResearchGate","LeetCode","TripAdvisor","Last.fm","Tumblr","Codewars","Notion","Datacamp","Coursera","Strava","Dribbble","Vimeo","Hackaday.io","Couchsurfing","Quora","ORCID","Flickr","Podbean","Weibo","Stack Exchange","WordPress","VK","Pinterest"]},"wi1smith":{"hits":[{"Discord":{"url":"https://discord.com/users/wi1smith","status":"active","username":"wi1smith","formatted":"wi1smith"}},{"Steam":{"url":"https://steamcommunity.com/id/wi1smith","status":"active","username":"wi1smith","formatted":"wi1smith"}},{"Medium":{"url":"https://medium.com/@%40wi1smith","status":"active","username":"wi1smith","formatted":"@wi1smith"}}],"misses":["Twitter","Instagram","TikTok","Twitch","Facebook","YouTube","GitHub","Snapchat","SoundCloud","LinkedIn","DeviantArt","Behance","Patreon","Vimeo","ResearchGate","Mastodon","Spotify","Bitbucket","Dev.to","LeetCode","GitLab","TripAdvisor","Notion","Last.fm","Codewars","ORCID","Coursera","Tumblr","Strava","Datacamp","Hackaday.io","Dribbble","Couchsurfing","Flickr","Podbean","Weibo","Stack Exchange","WordPress","VK","Reddit","Quora","Pinterest"]}}