{
    "beerus-": {
        "hits": [],
        "misses": [],
        "errors": [
            {
                "Twitter": {
                    "url": "https://twitter.com/beerus-",
                    "error": "HTTPSConnectionPool(host='twitter.com', port=443): Max retries exceeded with url: /beerus- (Caused by ProxyError('Unable to connect to proxy', NameResolutionError(\"<urllib3.connection.HTTPSConnection object at 0x7fd12f621010>: Failed to resolve 'proxy2.example' ([Errno -2] Name or service not known)\")))"
                }
            },
            {
                "Reddit": {
                    "url": "https://reddit.com/user/beerus-",
                    "error": "HTTPSConnectionPool(host='reddit.com', port=443): Max retries exceeded with url: /user/beerus- (Caused by ProxyError('Unable to connect to proxy', NameResolutionError(\"<urllib3.connection.HTTPSConnection object at 0x7fd12f5b2350>: Failed to resolve 'proxy1.example' ([Errno -2] Name or service not known)\")))"
                }
            },
            {
                "Instagram": {
                    "url": "https://instagram.com/beerus-",
                    "error": "HTTPSConnectionPool(host='instagram.com', port=443): Max retries exceeded with url: /beerus- (Caused by ProxyError('Unable to connect to proxy', NameResolutionError(\"<urllib3.connection.HTTPSConnection object at 0x7fd12f5b2210>: Failed to resolve 'proxy1.example' ([Errno -2] Name or service not known)\")))"
                }
            },
            {
                "GitHub": {
                    "url": "https://github.com/beerus-",
                    "error": "HTTPSConnectionPool(host='github.com', port=443): Max retries exceeded with url: /beerus- (Caused by ProxyError('Unable to connect to proxy', NameResolutionError(\"<urllib3.connection.HTTPSConnection object at 0x7fd12e505310>: Failed to resolve 'proxy1.example' ([Errno -2] Name or service not known)\")))"
                }
            }
        ]
    },
    "beerus": {
        "hits": [],
        "misses": [],
        "errors": [
            {
                "GitHub": {
                    "url": "https://github.com/beerus",
                    "error": "HTTPSConnectionPool(host='github.com', port=443): Max retries exceeded with url: /beerus (Caused by ProxyError('Unable to connect to proxy', NameResolutionError(\"<urllib3.connection.HTTPSConnection object at 0x7fd12e506710>: Failed to resolve 'proxy1.example' ([Errno -2] Name or service not known)\")))"
                }
            },
            {
                "Instagram": {
                    "url": "https://instagram.com/beerus",
                    "error": "HTTPSConnectionPool(host='instagram.com', port=443): Max retries exceeded with url: /beerus (Caused by ProxyError('Unable to connect to proxy', NameResolutionError(\"<urllib3.connection.HTTPSConnection object at 0x7fd12e506850>: Failed to resolve 'proxy2.example' ([Errno -2] Name or service not known)\")))"
                }
            },
            {
                "Reddit": {
                    "url": "https://reddit.com/user/beerus",
                    "error": "HTTPSConnectionPool(host='reddit.com', port=443): Max retries exceeded with url: /user/beerus (Caused by ProxyError('Unable to connect to proxy', NameResolutionError(\"<urllib3.connection.HTTPSConnection object at 0x7fd12e506990>: Failed to resolve 'proxy1.example' ([Errno -2] Name or service not known)\")))"
                }
            },
            {
                "Twitter": {
                    "url": "https://twitter.com/beerus",
                    "error": "HTTPSConnectionPool(host='twitter.com', port=443): Max retries exceeded with url: /beerus (Caused by ProxyError('Unable to connect to proxy', NameResolutionError(\"<urllib3.connection.HTTPSConnection object at 0x7fd12e5065d0>: Failed to resolve 'proxy1.example' ([Errno -2] Name or service not known)\")))"
                }
            }
        ]
    },
    "-beerus": {
        "hits": [],
        "misses": [],
        "errors": [
            {
                "Twitter": {
                    "url": "https://twitter.com/-beerus",
                    "error": "HTTPSConnectionPool(host='twitter.com', port=443): Max retries exceeded with url: /-beerus (Caused by ProxyError('Unable to connect to proxy', NameResolutionError(\"<urllib3.connection.HTTPSConnection object at 0x7fd12e507750>: Failed to resolve 'proxy1.example' ([Errno -2] Name or service not known)\")))"
                }
            },
            {
                "Reddit": {
                    "url": "https://reddit.com/user/-beerus",
                    "error": "HTTPSConnectionPool(host='reddit.com', port=443): Max retries exceeded with url: /user/-beerus (Caused by ProxyError('Unable to connect to proxy', NameResolutionError(\"<urllib3.connection.HTTPSConnection object at 0x7fd12e507b10>: Failed to resolve 'proxy2.example' ([Errno -2] Name or service not known)\")))"
                }
            },
            {
                "GitHub": {
                    "url": "https://github.com/-beerus",
                    "error": "HTTPSConnectionPool(host='github.com', port=443): Max retries exceeded with url: /-beerus (Caused by ProxyError('Unable to connect to proxy', NameResolutionError(\"<urllib3.connection.HTTPSConnection object at 0x7fd12e507890>: Failed to resolve 'proxy2.example' ([Errno -2] Name or service not known)\")))"
                }
            },
            {
                "Instagram": {
                    "url": "https://instagram.com/-beerus",
                    "error": "HTTPSConnectionPool(host='instagram.com', port=443): Max retries exceeded with url: /-beerus (Caused by ProxyError('Unable to connect to proxy', NameResolutionError(\"<urllib3.connection.HTTPSConnection object at 0x7fd12e5079d0>: Failed to resolve 'proxy2.example' ([Errno -2] Name or service not known)\")))"
                }
            }
        ]
    },
    "2beerus": {
        "hits": [],
        "misses": [],
        "errors": [
            {
                "GitHub": {
                    "url": "https://github.com/2beerus",
                    "error": "HTTPSConnectionPool(host='github.com', port=443): Max retries exceeded with url: /2beerus (Caused by ProxyError('Unable to connect to proxy', NameResolutionError(\"<urllib3.connection.HTTPSConnection object at 0x7fd12f5b3d90>: Failed to resolve 'proxy1.example' ([Errno -2] Name or service not known)\")))"
                }
            },
            {
                "Instagram": {
                    "url": "https://instagram.com/2beerus",
                    "error": "HTTPSConnectionPool(host='instagram.com', port=443): Max retries exceeded with url: /2beerus (Caused by ProxyError('Unable to connect to proxy', NameResolutionError(\"<urllib3.connection.HTTPSConnection object at 0x7fd12f5b2210>: Failed to resolve 'proxy1.example' ([Errno -2] Name or service not known)\")))"
                }
            },
            {
                "Reddit": {
                    "url": "https://reddit.com/user/2beerus",
                    "error": "HTTPSConnectionPool(host='reddit.com', port=443): Max retries exceeded with url: /user/2beerus (Caused by ProxyError('Unable to connect to proxy', NameResolutionError(\"<urllib3.connection.HTTPSConnection object at 0x7fd12f5b2350>: Failed to resolve 'proxy2.example' ([Errno -2] Name or service not known)\")))"
                }
            },
            {
                "Twitter": {
                    "url": "https://twitter.com/2beerus",
                    "error": "HTTPSConnectionPool(host='twitter.com', port=443): Max retries exceeded with url: /2beerus (Caused by ProxyError('Unable to connect to proxy', NameResolutionError(\"<urllib3.connection.HTTPSConnection object at 0x7fd12f5b3ed0>: Failed to resolve 'proxy1.example' ([Errno -2] Name or service not known)\")))"
                }
            }
        ]
    },
    ".beerus": {
        "hits": [],
        "misses": [],
        "errors": [
            {
                "Twitter": {
                    "url": "https://twitter.com/.beerus",
                    "error": "HTTPSConnectionPool(host='twitter.com', port=443): Max retries exceeded with url: /.beerus (Caused by ProxyError('Unable to connect to proxy', NameResolutionError(\"<urllib3.connection.HTTPSConnection object at 0x7fd12f5b2fd0>: Failed to resolve 'proxy1.example' ([Errno -2] Name or service not known)\")))"
                }
            },
            {
                "Reddit": {
                    "url": "https://reddit.com/user/.beerus",
                    "error": "HTTPSConnectionPool(host='reddit.com', port=443): Max retries exceeded with url: /user/.beerus (Caused by ProxyError('Unable to connect to proxy', NameResolutionError(\"<urllib3.connection.HTTPSConnection object at 0x7fd12f5b34d0>: Failed to resolve 'proxy2.example' ([Errno -2] Name or service not known)\")))"
                }
            },
            {
                "GitHub": {
                    "url": "https://github.com/.beerus",
                    "error": "HTTPSConnectionPool(host='github.com', port=443): Max retries exceeded with url: /.beerus (Caused by ProxyError('Unable to connect to proxy', NameResolutionError(\"<urllib3.connection.HTTPSConnection object at 0x7fd12f5b3110>: Failed to resolve 'proxy2.example' ([Errno -2] Name or service not known)\")))"
                }
            },
            {
                "Instagram": {
                    "url": "https://instagram.com/.beerus",
                    "error": "HTTPSConnectionPool(host='instagram.com', port=443): Max retries exceeded with url: /.beerus (Caused by ProxyError('Unable to connect to proxy', NameResolutionError(\"<urllib3.connection.HTTPSConnection object at 0x7fd12f5b3250>: Failed to resolve 'proxy2.example' ([Errno -2] Name or service not known)\")))"
                }
            }
        ]
    },
    "xbeerus": {
        "hits": [],
        "misses": [],
        "errors": [
            {
                "Twitter": {
                    "url": "https://twitter.com/xbeerus",
                    "error": "HTTPSConnectionPool(host='twitter.com', port=443): Max retries exceeded with url: /xbeerus (Caused by ProxyError('Unable to connect to proxy', NameResolutionError(\"<urllib3.connection.HTTPSConnection object at 0x7fd12e507b10>: Failed to resolve 'proxy1.example' ([Errno -2] Name or service not known)\")))"
                }
            },
            {
                "GitHub": {
                    "url": "https://github.com/xbeerus",
                    "error": "HTTPSConnectionPool(host='github.com', port=443): Max retries exceeded with url: /xbeerus (Caused by ProxyError('Unable to connect to proxy', NameResolutionError(\"<urllib3.connection.HTTPSConnection object at 0x7fd12e507ed0>: Failed to resolve 'proxy2.example' ([Errno -2] Name or service not known)\")))"
                }
            },
            {
                "Instagram": {
                    "url": "https://instagram.com/xbeerus",
                    "error": "HTTPSConnectionPool(host='instagram.com', port=443): Max retries exceeded with url: /xbeerus (Caused by ProxyError('Unable to connect to proxy', NameResolutionError(\"<urllib3.connection.HTTPSConnection object at 0x7fd12e507750>: Failed to resolve 'proxy1.example' ([Errno -2] Name or service not known)\")))"
                }
            },
            {
                "Reddit": {
                    "url": "https://reddit.com/user/xbeerus",
                    "error": "HTTPSConnectionPool(host='reddit.com', port=443): Max retries exceeded with url: /user/xbeerus (Caused by ProxyError('Unable to connect to proxy', NameResolutionError(\"<urllib3.connection.HTTPSConnection object at 0x7fd12e507d90>: Failed to resolve 'proxy2.example' ([Errno -2] Name or service not known)\")))"
                }
            }
        ]
    },
    "beerus.": {
        "hits": [],
        "misses": [],
        "errors": [
            {
                "Twitter": {
                    "url": "https://twitter.com/beerus.",
                    "error": "HTTPSConnectionPool(host='twitter.com', port=443): Max retries exceeded with url: /beerus. (Caused by ProxyError('Unable to connect to proxy', NameResolutionError(\"<urllib3.connection.HTTPSConnection object at 0x7fd12e506fd0>: Failed to resolve 'proxy1.example' ([Errno -2] Name or service not known)\")))"
                }
            },
            {
                "Instagram": {
                    "url": "https://instagram.com/beerus.",
                    "error": "HTTPSConnectionPool(host='instagram.com', port=443): Max retries exceeded with url: /beerus. (Caused by ProxyError('Unable to connect to proxy', NameResolutionError(\"<urllib3.connection.HTTPSConnection object at 0x7fd12f5b3110>: Failed to resolve 'proxy2.example' ([Errno -2] Name or service not known)\")))"
                }
            },
            {
                "GitHub": {
                    "url": "https://github.com/beerus.",
                    "error": "HTTPSConnectionPool(host='github.com', port=443): Max retries exceeded with url: /beerus. (Caused by ProxyError('Unable to connect to proxy', NameResolutionError(\"<urllib3.connection.HTTPSConnection object at 0x7fd12f5b3250>: Failed to resolve 'proxy2.example' ([Errno -2] Name or service not known)\")))"
                }
            },
            {
                "Reddit": {
                    "url": "https://reddit.com/user/beerus.",
                    "error": "HTTPSConnectionPool(host='reddit.com', port=443): Max retries exceeded with url: /user/beerus. (Caused by ProxyError('Unable to connect to proxy', NameResolutionError(\"<urllib3.connection.HTTPSConnection object at 0x7fd12f5b2ad0>: Failed to resolve 'proxy1.example' ([Errno -2] Name or service not known)\")))"
                }
            }
        ]
    },
    "beerus3": {
        "hits": [],
        "misses": [],
        "errors": [
            {
                "Twitter": {
                    "url": "https://twitter.com/beerus3",
                    "error": "HTTPSConnectionPool(host='twitter.com', port=443): Max retries exceeded with url: /beerus3 (Caused by ProxyError('Unable to connect to proxy', NameResolutionError(\"<urllib3.connection.HTTPSConnection object at 0x7fd12f5b3b10>: Failed to resolve 'proxy2.example' ([Errno -2] Name or service not known)\")))"
                }
            },
            {
                "GitHub": {
                    "url": "https://github.com/beerus3",
                    "error": "HTTPSConnectionPool(host='github.com', port=443): Max retries exceeded with url: /beerus3 (Caused by ProxyError('Unable to connect to proxy', NameResolutionError(\"<urllib3.connection.HTTPSConnection object at 0x7fd12f5b39d0>: Failed to resolve 'proxy1.example' ([Errno -2] Name or service not known)\")))"
                }
            },
            {
                "Instagram": {
                    "url": "https://instagram.com/beerus3",
                    "error": "HTTPSConnectionPool(host='instagram.com', port=443): Max retries exceeded with url: /beerus3 (Caused by ProxyError('Unable to connect to proxy', NameResolutionError(\"<urllib3.connection.HTTPSConnection object at 0x7fd12f5b2350>: Failed to resolve 'proxy2.example' ([Errno -2] Name or service not known)\")))"
                }
            },
            {
                "Reddit": {
                    "url": "https://reddit.com/user/beerus3",
                    "error": "HTTPSConnectionPool(host='reddit.com', port=443): Max retries exceeded with url: /user/beerus3 (Caused by ProxyError('Unable to connect to proxy', NameResolutionError(\"<urllib3.connection.HTTPSConnection object at 0x7fd12f5b1f90>: Failed to resolve 'proxy1.example' ([Errno -2] Name or service not known)\")))"
                }
            }
        ]
    },
    "3beerus": {
        "hits": [],
        "misses": [],
        "errors": [
            {
                "Twitter": {
                    "url": "https://twitter.com/3beerus",
                    "error": "HTTPSConnectionPool(host='twitter.com', port=443): Max retries exceeded with url: /3beerus (Caused by ProxyError('Unable to connect to proxy', NameResolutionError(\"<urllib3.connection.HTTPSConnection object at 0x7fd12e506990>: Failed to resolve 'proxy2.example' ([Errno -2] Name or service not known)\")))"
                }
            },
            {
                "Reddit": {
                    "url": "https://reddit.com/user/3beerus",
                    "error": "HTTPSConnectionPool(host='reddit.com', port=443): Max retries exceeded with url: /user/3beerus (Caused by ProxyError('Unable to connect to proxy', NameResolutionError(\"<urllib3.connection.HTTPSConnection object at 0x7fd12e507390>: Failed to resolve 'proxy1.example' ([Errno -2] Name or service not known)\")))"
                }
            },
            {
                "Instagram": {
                    "url": "https://instagram.com/3beerus",
                    "error": "HTTPSConnectionPool(host='instagram.com', port=443): Max retries exceeded with url: /3beerus (Caused by ProxyError('Unable to connect to proxy', NameResolutionError(\"<urllib3.connection.HTTPSConnection object at 0x7fd12e507750>: Failed to resolve 'proxy1.example' ([Errno -2] Name or service not known)\")))"
                }
            },
            {
                "GitHub": {
                    "url": "https://github.com/3beerus",
                    "error": "HTTPSConnectionPool(host='github.com', port=443): Max retries exceeded with url: /3beerus (Caused by ProxyError('Unable to connect to proxy', NameResolutionError(\"<urllib3.connection.HTTPSConnection object at 0x7fd12e507250>: Failed to resolve 'proxy1.example' ([Errno -2] Name or service not known)\")))"
                }
            }
        ]
    },
    "1beerus": {
        "hits": [],
        "misses": [],
        "errors": [
            {
                "Twitter": {
                    "url": "https://twitter.com/1beerus",
                    "error": "HTTPSConnectionPool(host='twitter.com', port=443): Max retries exceeded with url: /1beerus (Caused by ProxyError('Unable to connect to proxy', NameResolutionError(\"<urllib3.connection.HTTPSConnection object at 0x7fd12e506c10>: Failed to resolve 'proxy1.example' ([Errno -2] Name or service not known)\")))"
                }
            },
            {
                "GitHub": {
                    "url": "https://github.com/1beerus",
                    "error": "HTTPSConnectionPool(host='github.com', port=443): Max retries exceeded with url: /1beerus (Caused by ProxyError('Unable to connect to proxy', NameResolutionError(\"<urllib3.connection.HTTPSConnection object at 0x7fd12e506850>: Failed to resolve 'proxy2.example' ([Errno -2] Name or service not known)\")))"
                }
            },
            {
                "Reddit": {
                    "url": "https://reddit.com/user/1beerus",
                    "error": "HTTPSConnectionPool(host='reddit.com', port=443): Max retries exceeded with url: /user/1beerus (Caused by ProxyError('Unable to connect to proxy', NameResolutionError(\"<urllib3.connection.HTTPSConnection object at 0x7fd12f5b20d0>: Failed to resolve 'proxy2.example' ([Errno -2] Name or service not known)\")))"
                }
            },
            {
                "Instagram": {
                    "url": "https://instagram.com/1beerus",
                    "error": "HTTPSConnectionPool(host='instagram.com', port=443): Max retries exceeded with url: /1beerus (Caused by ProxyError('Unable to connect to proxy', NameResolutionError(\"<urllib3.connection.HTTPSConnection object at 0x7fd12f5b1f90>: Failed to resolve 'proxy1.example' ([Errno -2] Name or service not known)\")))"
                }
            }
        ]
    },
    "beerus4": {
        "hits": [],
        "misses": [],
        "errors": [
            {
                "Twitter": {
                    "url": "https://twitter.com/beerus4",
                    "error": "HTTPSConnectionPool(host='twitter.com', port=443): Max retries exceeded with url: /beerus4 (Caused by ProxyError('Unable to connect to proxy', NameResolutionError(\"<urllib3.connection.HTTPSConnection object at 0x7fd12f5b3ed0>: Failed to resolve 'proxy1.example' ([Errno -2] Name or service not known)\")))"
                }
            },
            {
                "Reddit": {
                    "url": "https://reddit.com/user/beerus4",
                    "error": "HTTPSConnectionPool(host='reddit.com', port=443): Max retries exceeded with url: /user/beerus4 (Caused by ProxyError('Unable to connect to proxy', NameResolutionError(\"<urllib3.connection.HTTPSConnection object at 0x7fd12f5b3c50>: Failed to resolve 'proxy1.example' ([Errno -2] Name or service not known)\")))"
                }
            },
            {
                "GitHub": {
                    "url": "https://github.com/beerus4",
                    "error": "HTTPSConnectionPool(host='github.com', port=443): Max retries exceeded with url: /beerus4 (Caused by ProxyError('Unable to connect to proxy', NameResolutionError(\"<urllib3.connection.HTTPSConnection object at 0x7fd12f5b3610>: Failed to resolve 'proxy2.example' ([Errno -2] Name or service not known)\")))"
                }
            },
            {
                "Instagram": {
                    "url": "https://instagram.com/beerus4",
                    "error": "HTTPSConnectionPool(host='instagram.com', port=443): Max retries exceeded with url: /beerus4 (Caused by ProxyError('Unable to connect to proxy', NameResolutionError(\"<urllib3.connection.HTTPSConnection object at 0x7fd12f5b2ad0>: Failed to resolve 'proxy2.example' ([Errno -2] Name or service not known)\")))"
                }
            }
        ]
    },
    "beeru5": {
        "hits": [],
        "misses": [],
        "errors": [
            {
                "GitHub": {
                    "url": "https://github.com/beeru5",
                    "error": "HTTPSConnectionPool(host='github.com', port=443): Max retries exceeded with url: /beeru5 (Caused by ProxyError('Unable to connect to proxy', NameResolutionError(\"<urllib3.connection.HTTPSConnection object at 0x7fd12e507890>: Failed to resolve 'proxy2.example' ([Errno -2] Name or service not known)\")))"
                }
            },
            {
                "Instagram": {
                    "url": "https://instagram.com/beeru5",
                    "error": "HTTPSConnectionPool(host='instagram.com', port=443): Max retries exceeded with url: /beeru5 (Caused by ProxyError('Unable to connect to proxy', NameResolutionError(\"<urllib3.connection.HTTPSConnection object at 0x7fd12e507610>: Failed to resolve 'proxy2.example' ([Errno -2] Name or service not known)\")))"
                }
            },
            {
                "Reddit": {
                    "url": "https://reddit.com/user/beeru5",
                    "error": "HTTPSConnectionPool(host='reddit.com', port=443): Max retries exceeded with url: /user/beeru5 (Caused by ProxyError('Unable to connect to proxy', NameResolutionError(\"<urllib3.connection.HTTPSConnection object at 0x7fd12e507750>: Failed to resolve 'proxy1.example' ([Errno -2] Name or service not known)\")))"
                }
            },
            {
                "Twitter": {
                    "url": "https://twitter.com/beeru5",
                    "error": "HTTPSConnectionPool(host='twitter.com', port=443): Max retries exceeded with url: /beeru5 (Caused by ProxyError('Unable to connect to proxy', NameResolutionError(\"<urllib3.connection.HTTPSConnection object at 0x7fd12e507250>: Failed to resolve 'proxy2.example' ([Errno -2] Name or service not known)\")))"
                }
            }
        ]
    },
    "beerus2": {
        "hits": [],
        "misses": [],
        "errors": [
            {
                "Reddit": {
                    "url": "https://reddit.com/user/beerus2",
                    "error": "HTTPSConnectionPool(host='reddit.com', port=443): Max retries exceeded with url: /user/beerus2 (Caused by ProxyError('Unable to connect to proxy', NameResolutionError(\"<urllib3.connection.HTTPSConnection object at 0x7fd12f5b2c10>: Failed to resolve 'proxy2.example' ([Errno -2] Name or service not known)\")))"
                }
            },
            {
                "GitHub": {
                    "url": "https://github.com/beerus2",
                    "error": "HTTPSConnectionPool(host='github.com', port=443): Max retries exceeded with url: /beerus2 (Caused by ProxyError('Unable to connect to proxy', NameResolutionError(\"<urllib3.connection.HTTPSConnection object at 0x7fd12e506fd0>: Failed to resolve 'proxy2.example' ([Errno -2] Name or service not known)\")))"
                }
            },
            {
                "Instagram": {
                    "url": "https://instagram.com/beerus2",
                    "error": "HTTPSConnectionPool(host='instagram.com', port=443): Max retries exceeded with url: /beerus2 (Caused by ProxyError('Unable to connect to proxy', NameResolutionError(\"<urllib3.connection.HTTPSConnection object at 0x7fd12f5b2ad0>: Failed to resolve 'proxy2.example' ([Errno -2] Name or service not known)\")))"
                }
            },
            {
                "Twitter": {
                    "url": "https://twitter.com/beerus2",
                    "error": "HTTPSConnectionPool(host='twitter.com', port=443): Max retries exceeded with url: /beerus2 (Caused by ProxyError('Unable to connect to proxy', NameResolutionError(\"<urllib3.connection.HTTPSConnection object at 0x7fd12e507110>: Failed to resolve 'proxy2.example' ([Errno -2] Name or service not known)\")))"
                }
            }
        ]
    },
    "berus": {
        "hits": [],
        "misses": [],
        "errors": [
            {
                "Instagram": {
                    "url": "https://instagram.com/berus",
                    "error": "HTTPSConnectionPool(host='instagram.com', port=443): Max retries exceeded with url: /berus (Caused by ProxyError('Unable to connect to proxy', NameResolutionError(\"<urllib3.connection.HTTPSConnection object at 0x7fd12f5b2e90>: Failed to resolve 'proxy1.example' ([Errno -2] Name or service not known)\")))"
                }
            },
            {
                "Reddit": {
                    "url": "https://reddit.com/user/berus",
                    "error": "HTTPSConnectionPool(host='reddit.com', port=443): Max retries exceeded with url: /user/berus (Caused by ProxyError('Unable to connect to proxy', NameResolutionError(\"<urllib3.connection.HTTPSConnection object at 0x7fd12f5b3b10>: Failed to resolve 'proxy1.example' ([Errno -2] Name or service not known)\")))"
                }
            },
            {
                "GitHub": {
                    "url": "https://github.com/berus",
                    "error": "HTTPSConnectionPool(host='github.com', port=443): Max retries exceeded with url: /berus (Caused by ProxyError('Unable to connect to proxy', NameResolutionError(\"<urllib3.connection.HTTPSConnection object at 0x7fd12f5b1f90>: Failed to resolve 'proxy2.example' ([Errno -2] Name or service not known)\")))"
                }
            },
            {
                "Twitter": {
                    "url": "https://twitter.com/berus",
                    "error": "HTTPSConnectionPool(host='twitter.com', port=443): Max retries exceeded with url: /berus (Caused by ProxyError('Unable to connect to proxy', NameResolutionError(\"<urllib3.connection.HTTPSConnection object at 0x7fd12f5b3250>: Failed to resolve 'proxy1.example' ([Errno -2] Name or service not known)\")))"
                }
            }
        ]
    },
    "_beerus": {
        "hits": [],
        "misses": [],
        "errors": [
            {
                "GitHub": {
                    "url": "https://github.com/_beerus",
                    "error": "HTTPSConnectionPool(host='github.com', port=443): Max retries exceeded with url: /_beerus (Caused by ProxyError('Unable to connect to proxy', NameResolutionError(\"<urllib3.connection.HTTPSConnection object at 0x7fd12e5065d0>: Failed to resolve 'proxy1.example' ([Errno -2] Name or service not known)\")))"
                }
            },
            {
                "Instagram": {
                    "url": "https://instagram.com/_beerus",
                    "error": "HTTPSConnectionPool(host='instagram.com', port=443): Max retries exceeded with url: /_beerus (Caused by ProxyError('Unable to connect to proxy', NameResolutionError(\"<urllib3.connection.HTTPSConnection object at 0x7fd12e506990>: Failed to resolve 'proxy1.example' ([Errno -2] Name or service not known)\")))"
                }
            },
            {
                "Reddit": {
                    "url": "https://reddit.com/user/_beerus",
                    "error": "HTTPSConnectionPool(host='reddit.com', port=443): Max retries exceeded with url: /user/_beerus (Caused by ProxyError('Unable to connect to proxy', NameResolutionError(\"<urllib3.connection.HTTPSConnection object at 0x7fd12e507750>: Failed to resolve 'proxy2.example' ([Errno -2] Name or service not known)\")))"
                }
            },
            {
                "Twitter": {
                    "url": "https://twitter.com/_beerus",
                    "error": "HTTPSConnectionPool(host='twitter.com', port=443): Max retries exceeded with url: /_beerus (Caused by ProxyError('Unable to connect to proxy', NameResolutionError(\"<urllib3.connection.HTTPSConnection object at 0x7fd12e507250>: Failed to resolve 'proxy1.example' ([Errno -2] Name or service not known)\")))"
                }
            }
        ]
    },
    "beerus_": {
        "hits": [],
        "misses": [],
        "errors": [
            {
                "Instagram": {
                    "url": "https://instagram.com/beerus_",
                    "error": "HTTPSConnectionPool(host='instagram.com', port=443): Max retries exceeded with url: /beerus_ (Caused by ProxyError('Unable to connect to proxy', NameResolutionError(\"<urllib3.connection.HTTPSConnection object at 0x7fd12f5b3250>: Failed to resolve 'proxy2.example' ([Errno -2] Name or service not known)\")))"
                }
            },
            {
                "Reddit": {
                    "url": "https://reddit.com/user/beerus_",
                    "error": "HTTPSConnectionPool(host='reddit.com', port=443): Max retries exceeded with url: /user/beerus_ (Caused by ProxyError('Unable to connect to proxy', NameResolutionError(\"<urllib3.connection.HTTPSConnection object at 0x7fd12f5b2350>: Failed to resolve 'proxy1.example' ([Errno -2] Name or service not known)\")))"
                }
            },
            {
                "GitHub": {
                    "url": "https://github.com/beerus_",
                    "error": "HTTPSConnectionPool(host='github.com', port=443): Max retries exceeded with url: /beerus_ (Caused by ProxyError('Unable to connect to proxy', NameResolutionError(\"<urllib3.connection.HTTPSConnection object at 0x7fd12e506c10>: Failed to resolve 'proxy2.example' ([Errno -2] Name or service not known)\")))"
                }
            },
            {
                "Twitter": {
                    "url": "https://twitter.com/beerus_",
                    "error": "HTTPSConnectionPool(host='twitter.com', port=443): Max retries exceeded with url: /beerus_ (Caused by ProxyError('Unable to connect to proxy', NameResolutionError(\"<urllib3.connection.HTTPSConnection object at 0x7fd12e506850>: Failed to resolve 'proxy2.example' ([Errno -2] Name or service not known)\")))"
                }
            }
        ]
    },
    "beerus1": {
        "hits": [],
        "misses": [],
        "errors": [
            {
                "Twitter": {
                    "url": "https://twitter.com/beerus1",
                    "error": "HTTPSConnectionPool(host='twitter.com', port=443): Max retries exceeded with url: /beerus1 (Caused by ProxyError('Unable to connect to proxy', NameResolutionError(\"<urllib3.connection.HTTPSConnection object at 0x7fd12f5b2210>: Failed to resolve 'proxy1.example' ([Errno -2] Name or service not known)\")))"
                }
            },
            {
                "Instagram": {
                    "url": "https://instagram.com/beerus1",
                    "error": "HTTPSConnectionPool(host='instagram.com', port=443): Max retries exceeded with url: /beerus1 (Caused by ProxyError('Unable to connect to proxy', NameResolutionError(\"<urllib3.connection.HTTPSConnection object at 0x7fd12f5b2fd0>: Failed to resolve 'proxy2.example' ([Errno -2] Name or service not known)\")))"
                }
            },
            {
                "Reddit": {
                    "url": "https://reddit.com/user/beerus1",
                    "error": "HTTPSConnectionPool(host='reddit.com', port=443): Max retries exceeded with url: /user/beerus1 (Caused by ProxyError('Unable to connect to proxy', NameResolutionError(\"<urllib3.connection.HTTPSConnection object at 0x7fd12f5b3390>: Failed to resolve 'proxy1.example' ([Errno -2] Name or service not known)\")))"
                }
            },
            {
                "GitHub": {
                    "url": "https://github.com/beerus1",
                    "error": "HTTPSConnectionPool(host='github.com', port=443): Max retries exceeded with url: /beerus1 (Caused by ProxyError('Unable to connect to proxy', NameResolutionError(\"<urllib3.connection.HTTPSConnection object at 0x7fd12f5b3ed0>: Failed to resolve 'proxy2.example' ([Errno -2] Name or service not known)\")))"
                }
            }
        ]
    },
    "beerusx": {
        "hits": [],
        "misses": [],
        "errors": [
            {
                "GitHub": {
                    "url": "https://github.com/beerusx",
                    "error": "HTTPSConnectionPool(host='github.com', port=443): Max retries exceeded with url: /beerusx (Caused by ProxyError('Unable to connect to proxy', NameResolutionError(\"<urllib3.connection.HTTPSConnection object at 0x7fd12e507b10>: Failed to resolve 'proxy1.example' ([Errno -2] Name or service not known)\")))"
                }
            },
            {
                "Instagram": {
                    "url": "https://instagram.com/beerusx",
                    "error": "HTTPSConnectionPool(host='instagram.com', port=443): Max retries exceeded with url: /beerusx (Caused by ProxyError('Unable to connect to proxy', NameResolutionError(\"<urllib3.connection.HTTPSConnection object at 0x7fd12e507890>: Failed to resolve 'proxy2.example' ([Errno -2] Name or service not known)\")))"
                }
            },
            {
                "Twitter": {
                    "url": "https://twitter.com/beerusx",
                    "error": "HTTPSConnectionPool(host='twitter.com', port=443): Max retries exceeded with url: /beerusx (Caused by ProxyError('Unable to connect to proxy', NameResolutionError(\"<urllib3.connection.HTTPSConnection object at 0x7fd12e507250>: Failed to resolve 'proxy2.example' ([Errno -2] Name or service not known)\")))"
                }
            },
            {
                "Reddit": {
                    "url": "https://reddit.com/user/beerusx",
                    "error": "HTTPSConnectionPool(host='reddit.com', port=443): Max retries exceeded with url: /user/beerusx (Caused by ProxyError('Unable to connect to proxy', NameResolutionError(\"<urllib3.connection.HTTPSConnection object at 0x7fd12e507750>: Failed to resolve 'proxy2.example' ([Errno -2] Name or service not known)\")))"
                }
            }
        ]
    },
    "b33rus": {
        "hits": [],
        "misses": [],
        "errors": [
            {
                "GitHub": {
                    "url": "https://github.com/b33rus",
                    "error": "HTTPSConnectionPool(host='github.com', port=443): Max retries exceeded with url: /b33rus (Caused by ProxyError('Unable to connect to proxy', NameResolutionError(\"<urllib3.connection.HTTPSConnection object at 0x7fd12e506fd0>: Failed to resolve 'proxy1.example' ([Errno -2] Name or service not known)\")))"
                }
            },
            {
                "Instagram": {
                    "url": "https://instagram.com/b33rus",
                    "error": "HTTPSConnectionPool(host='instagram.com', port=443): Max retries exceeded with url: /b33rus (Caused by ProxyError('Unable to connect to proxy', NameResolutionError(\"<urllib3.connection.HTTPSConnection object at 0x7fd12e506e90>: Failed to resolve 'proxy2.example' ([Errno -2] Name or service not known)\")))"
                }
            },
            {
                "Reddit": {
                    "url": "https://reddit.com/user/b33rus",
                    "error": "HTTPSConnectionPool(host='reddit.com', port=443): Max retries exceeded with url: /user/b33rus (Caused by ProxyError('Unable to connect to proxy', NameResolutionError(\"<urllib3.connection.HTTPSConnection object at 0x7fd12f5b3ed0>: Failed to resolve 'proxy1.example' ([Errno -2] Name or service not known)\")))"
                }
            },
            {
                "Twitter": {
                    "url": "https://twitter.com/b33rus",
                    "error": "HTTPSConnectionPool(host='twitter.com', port=443): Max retries exceeded with url: /b33rus (Caused by ProxyError('Unable to connect to proxy', NameResolutionError(\"<urllib3.connection.HTTPSConnection object at 0x7fd12e507110>: Failed to resolve 'proxy1.example' ([Errno -2] Name or service not known)\")))"
                }
            }
        ]
    },
    "4beerus": {
        "hits": [],
        "misses": [],
        "errors": [
            {
                "Twitter": {
                    "url": "https://twitter.com/4beerus",
                    "error": "HTTPSConnectionPool(host='twitter.com', port=443): Max retries exceeded with url: /4beerus (Caused by ProxyError('Unable to connect to proxy', NameResolutionError(\"<urllib3.connection.HTTPSConnection object at 0x7fd12f5b2210>: Failed to resolve 'proxy1.example' ([Errno -2] Name or service not known)\")))"
                }
            },
            {
                "Instagram": {
                    "url": "https://instagram.com/4beerus",
                    "error": "HTTPSConnectionPool(host='instagram.com', port=443): Max retries exceeded with url: /4beerus (Caused by ProxyError('Unable to connect to proxy', NameResolutionError(\"<urllib3.connection.HTTPSConnection object at 0x7fd12f5b2e90>: Failed to resolve 'proxy2.example' ([Errno -2] Name or service not known)\")))"
                }
            },
            {
                "GitHub": {
                    "url": "https://github.com/4beerus",
                    "error": "HTTPSConnectionPool(host='github.com', port=443): Max retries exceeded with url: /4beerus (Caused by ProxyError('Unable to connect to proxy', NameResolutionError(\"<urllib3.connection.HTTPSConnection object at 0x7fd12f5b2ad0>: Failed to resolve 'proxy2.example' ([Errno -2] Name or service not known)\")))"
                }
            },
            {
                "Reddit": {
                    "url": "https://reddit.com/user/4beerus",
                    "error": "HTTPSConnectionPool(host='reddit.com', port=443): Max retries exceeded with url: /user/4beerus (Caused by ProxyError('Unable to connect to proxy', NameResolutionError(\"<urllib3.connection.HTTPSConnection object at 0x7fd12f5b20d0>: Failed to resolve 'proxy2.example' ([Errno -2] Name or service not known)\")))"
                }
            }
        ]
    }
}