{
    "beerus4": {
        "hits": [
            {
                "Instagram": {
                    "url": "https://instagram.com/beerus4",
                    "status": "active"
                }
            }
        ],
        "misses": [
            "GitHub",
            "Twitter"
        ],
        "errors": [
            {
                "Reddit": {
                    "url": "https://reddit.com/user/beerus4",
                    "error": "HTTPSConnectionPool(host='www.reddit.com', port=443): Read timed out. (read timeout=5)"
                }
            }
        ]
    },
    "beerus.": {
        "hits": [
            {
                "Instagram": {
                    "url": "https://instagram.com/beerus.",
                    "status": "active"
                }
            }
        ],
        "misses": [
            "GitHub",
            "Twitter"
        ],
        "errors": [
            {
                "Reddit": {
                    "url": "https://reddit.com/user/beerus.",
                    "error": "HTTPSConnectionPool(host='www.reddit.com', port=443): Read timed out. (read timeout=5)"
                }
            }
        ]
    },
    "2beerus": {
        "hits": [
            {
                "Instagram": {
                    "url": "https://instagram.com/2beerus",
                    "status": "active"
                }
            }
        ],
        "misses": [
            "Twitter",
            "GitHub"
        ],
        "errors": [
            {
                "Reddit": {
                    "url": "https://reddit.com/user/2beerus",
                    "error": "HTTPSConnectionPool(host='reddit.com', port=443): Read timed out. (read timeout=5)"
                }
            }
        ]
    },
    ".beerus": {
        "hits": [
            {
                "Instagram": {
                    "url": "https://instagram.com/.beerus",
                    "status": "active"
                }
            }
        ],
        "misses": [
            "Twitter",
            "GitHub"
        ],
        "errors": [
            {
                "Reddit": {
                    "url": "https://reddit.com/user/.beerus",
                    "error": "HTTPSConnectionPool(host='www.reddit.com', port=443): Read timed out. (read timeout=5)"
                }
            }
        ]
    },
    "beerus_": {
        "hits": [
            {
                "Instagram": {
                    "url": "https://instagram.com/beerus_",
                    "status": "active"
                }
            }
        ],
        "misses": [
            "Twitter",
            "GitHub"
        ],
        "errors": [
            {
                "Reddit": {
                    "url": "https://reddit.com/user/beerus_",
                    "error": "HTTPSConnectionPool(host='reddit.com', port=443): Read timed out. (read timeout=5)"
                }
            }
        ]
    },
    "_beerus": {
        "hits": [
            {
                "Instagram": {
                    "url": "https://instagram.com/_beerus",
                    "status": "active"
                }
            }
        ],
        "misses": [
            "Twitter",
            "GitHub"
        ],
        "errors": [
            {
                "Reddit": {
                    "url": "https://reddit.com/user/_beerus",
                    "error": "HTTPSConnectionPool(host='reddit.com', port=443): Read timed out. (read timeout=5)"
                }
            }
        ]
    },
    "berus": {
        "hits": [
            {
                "Instagram": {
                    "url": "https://instagram.com/berus",
                    "status": "active"
                }
            },
            {
                "GitHub": {
                    "url": "https://github.com/berus",
                    "status": "active"
                }
            },
            {
                "Reddit": {
                    "url": "https://reddit.com/user/berus",
                    "status": "active"
                }
            }
        ],
        "misses": [
            "Twitter"
        ],
        "errors": []
    },
    "beerus1": {
        "hits": [
            {
                "GitHub": {
                    "url": "https://github.com/beerus1",
                    "status": "active"
                }
            },
            {
                "Instagram": {
                    "url": "https://instagram.com/beerus1",
                    "status": "active"
                }
            }
        ],
        "misses": [
            "Twitter"
        ],
        "errors": [
            {
                "Reddit": {
                    "url": "https://reddit.com/user/beerus1",
                    "error": "HTTPSConnectionPool(host='reddit.com', port=443): Read timed out. (read timeout=5)"
                }
            }
        ]
    },
    "4beerus": {
        "hits": [
            {
                "Instagram": {
                    "url": "https://instagram.com/4beerus",
                    "status": "active"
                }
            }
        ],
        "misses": [
            "GitHub",
            "Twitter"
        ],
        "errors": [
            {
                "Reddit": {
                    "url": "https://reddit.com/user/4beerus",
                    "error": "HTTPSConnectionPool(host='www.reddit.com', port=443): Read timed out. (read timeout=5)"
                }
            }
        ]
    },
    "b33rus": {
        "hits": [
            {
                "Instagram": {
                    "url": "https://instagram.com/b33rus",
                    "status": "active"
                }
            },
            {
                "GitHub": {
                    "url": "https://github.com/b33rus",
                    "status": "active"
                }
            }
        ],
        "misses": [
            "Twitter"
        ],
        "errors": [
            {
                "Reddit": {
                    "url": "https://reddit.com/user/b33rus",
                    "error": "HTTPSConnectionPool(host='reddit.com', port=443): Read timed out. (read timeout=5)"
                }
            }
        ]
    },
    "beerus": {
        "hits": [
            {
                "Instagram": {
                    "url": "https://instagram.com/beerus",
                    "status": "active"
                }
            },
            {
                "GitHub": {
                    "url": "https://github.com/beerus",
                    "status": "active"
                }
            }
        ],
        "misses": [
            "Twitter"
        ],
        "errors": [
            {
                "Reddit": {
                    "url": "https://reddit.com/user/beerus",
                    "error": "HTTPSConnectionPool(host='reddit.com', port=443): Read timed out. (read timeout=5)"
                }
            }
        ]
    },
    "1beerus": {
        "hits": [
            {
                "Instagram": {
                    "url": "https://instagram.com/1beerus",
                    "status": "active"
                }
            }
        ],
        "misses": [
            "GitHub",
            "Twitter"
        ],
        "errors": [
            {
                "Reddit": {
                    "url": "https://reddit.com/user/1beerus",
                    "error": "HTTPSConnectionPool(host='www.reddit.com', port=443): Read timed out. (read timeout=5)"
                }
            }
        ]
    },
    "-beerus": {
        "hits": [
            {
                "Instagram": {
                    "url": "https://instagram.com/-beerus",
                    "status": "active"
                }
            }
        ],
        "misses": [
            "Twitter",
            "GitHub"
        ],
        "errors": [
            {
                "Reddit": {
                    "url": "https://reddit.com/user/-beerus",
                    "error": "HTTPSConnectionPool(host='reddit.com', port=443): Read timed out. (read timeout=5)"
                }
            }
        ]
    },
    "beerus2": {
        "hits": [
            {
                "GitHub": {
                    "url": "https://github.com/beerus2",
                    "status": "active"
                }
            },
            {
                "Instagram": {
                    "url": "https://instagram.com/beerus2",
                    "status": "active"
                }
            }
        ],
        "misses": [
            "Twitter"
        ],
        "errors": [
            {
                "Reddit": {
                    "url": "https://reddit.com/user/beerus2",
                    "error": "HTTPSConnectionPool(host='www.reddit.com', port=443): Read timed out. (read timeout=5)"
                }
            }
        ]
    },
    "xbeerus": {
        "hits": [
            {
                "Instagram": {
                    "url": "https://instagram.com/xbeerus",
                    "status": "active"
                }
            }
        ],
        "misses": [
            "Twitter",
            "GitHub"
        ],
        "errors": [
            {
                "Reddit": {
                    "url": "https://reddit.com/user/xbeerus",
                    "error": "HTTPSConnectionPool(host='reddit.com', port=443): Read timed out. (read timeout=5)"
                }
            }
        ]
    },
    "beerus3": {
        "hits": [
            {
                "Instagram": {
                    "url": "https://instagram.com/beerus3",
                    "status": "active"
                }
            },
            {
                "GitHub": {
                    "url": "https://github.com/beerus3",
                    "status": "active"
                }
            }
        ],
        "misses": [
            "Twitter"
        ],
        "errors": [
            {
                "Reddit": {
                    "url": "https://reddit.com/user/beerus3",
                    "error": "HTTPSConnectionPool(host='www.reddit.com', port=443): Read timed out. (read timeout=5)"
                }
            }
        ]
    },
    "beeru5": {
        "hits": [
            {
                "Instagram": {
                    "url": "https://instagram.com/beeru5",
                    "status": "active"
                }
            }
        ],
        "misses": [
            "GitHub",
            "Twitter"
        ],
        "errors": [
            {
                "Reddit": {
                    "url": "https://reddit.com/user/beeru5",
                    "error": "HTTPSConnectionPool(host='www.reddit.com', port=443): Read timed out. (read timeout=5)"
                }
            }
        ]
    },
    "beerus-": {
        "hits": [
            {
                "Instagram": {
                    "url": "https://instagram.com/beerus-",
                    "status": "active"
                }
            }
        ],
        "misses": [
            "Twitter",
            "GitHub"
        ],
        "errors": [
            {
                "Reddit": {
                    "url": "https://reddit.com/user/beerus-",
                    "error": "HTTPSConnectionPool(host='reddit.com', port=443): Read timed out. (read timeout=5)"
                }
            }
        ]
    },
    "3beerus": {
        "hits": [
            {
                "Instagram": {
                    "url": "https://instagram.com/3beerus",
                    "status": "active"
                }
            }
        ],
        "misses": [
            "Twitter",
            "GitHub"
        ],
        "errors": [
            {
                "Reddit": {
                    "url": "https://reddit.com/user/3beerus",
                    "error": "HTTPSConnectionPool(host='reddit.com', port=443): Read timed out. (read timeout=5)"
                }
            }
        ]
    },
    "beerusx": {
        "hits": [
            {
                "GitHub": {
                    "url": "https://github.com/beerusx",
                    "status": "active"
                }
            },
            {
                "Instagram": {
                    "url": "https://instagram.com/beerusx",
                    "status": "active"
                }
            }
        ],
        "misses": [
            "Twitter"
        ],
        "errors": [
            {
                "Reddit": {
                    "url": "https://reddit.com/user/beerusx",
                    "error": "HTTPSConnectionPool(host='www.reddit.com', port=443): Read timed out. (read timeout=5)"
                }
            }
        ]
    }
}