[
    {"name": "Twitter", "url_template": "https://twitter.com/{}"},
    {"name": "GitHub", "url_template": "https://github.com/{}"},
    {"name": "Instagram", "url_template": "https://instagram.com/{}"},
    {"name": "Reddit", "url_template": "https://reddit.com/user/{}"},
    {"name": "Facebook", "url_template": "https://facebook.com/{}"},
    {"name": "LinkedIn", "url_template": "https://linkedin.com/in/{}"},
    {"name": "YouTube", "url_template": "https://youtube.com/@{}"},
    {"name": "Twitch", "url_template": "https://twitch.tv/{}"},
    {"name": "TikTok", "url_template": "https://tiktok.com/@{}"},
    {"name": "Pinterest", "url_template": "https://pinterest.com/{}"},
    {"name": "Medium", "url_template": "https://medium.com/@{}"},
    {"name": "Discord", "url_template": "https://discord.com/users/{}"},
    {"name": "Steam", "url_template": "https://steamcommunity.com/id/{}"},
    {"name": "SoundCloud", "url_template": "https://soundcloud.com/{}"},
    {"name": "DeviantArt", "url_template": "https://deviantart.com/{}"},
    {"name": "Tumblr", "url_template": "https://{}.tumblr.com"},
    {"name": "Snapchat", "url_template": "https://snapchat.com/add/{}"},
    {"name": "Vimeo", "url_template": "https://vimeo.com/{}"},
    {"name": "Behance", "url_template": "https://behance.net/{}"},
    {"name": "Dribbble", "url_template": "https://dribbble.com/{}"},
    {"name": "Flickr", "url_template": "https://flickr.com/people/{}"},
    {"name": "Bitbucket", "url_template": "https://bitbucket.org/{}"},
    {"name": "GitLab", "url_template": "https://gitlab.com/{}"},
    {"name": "Patreon", "url_template": "https://patreon.com/{}"},
    {"name": "Mastodon", "url_template": "https://mastodon.social/@{}"},
    {"name": "Dev.to", "url_template": "https://dev.to/{}"},
    {"name": "Couchsurfing", "url_template": "https://couchsurfing.com/people/{}"},
    {"name": "Quora", "url_template": "https://quora.com/profile/{}"},
    {"name": "Hackaday.io", "url_template": "https://hackaday.io/{}"},
    {"name": "TripAdvisor", "url_template": "https://tripadvisor.com/members/{}"},
    {"name": "Strava", "url_template": "https://strava.com/athletes/{}"},
    {"name": "Spotify", "url_template": "https://open.spotify.com/user/{}"},
    {"name": "Last.fm", "url_template": "https://last.fm/user/{}"},
    {"name": "Weibo", "url_template": "https://weibo.com/u/{}"},
    {"name": "VK", "url_template": "https://vk.com/{}"},
    {"name": "ResearchGate", "url_template": "https://researchgate.net/profile/{}"},
    {"name": "ORCID", "url_template": "https://orcid.org/{}"},
    {"name": "Codewars", "url_template": "https://codewars.com/users/{}"},
    {"name": "LeetCode", "url_template": "https://leetcode.com/{}"},
    {"name": "Datacamp", "url_template": "https://datacamp.com/profile/{}"},
    {"name": "Coursera", "url_template": "https://coursera.org/user/{}"},
    {"name": "Stack Exchange", "url_template": "https://stackexchange.com/users/{}"},
    {"name": "Notion", "url_template": "https://notion.so/{}"},
    {"name": "WordPress", "url_template": "https://{}.wordpress.com"},
    {"name": "Podbean", "url_template": "https://{}.podbean.com"}
]

