{
    "facebook.com": {
        "availability": {
            "error": "Invalid URL 'facebook.com': No scheme supplied. Perhaps you meant https://facebook.com?"
        },
        "performance": {
            "performance_score": "N/A"
        },
        "ssl": {
            "error": "Not using HTTPS"
        },
        "headers": {
            "error": "Invalid URL 'facebook.com': No scheme supplied. Perhaps you meant https://facebook.com?"
        },
        "http_methods": {
            "allowed_methods": "Error: Invalid URL 'facebook.com': No scheme supplied. Perhaps you meant https://facebook.com?",
            "GET": "Invalid URL 'facebook.com': No scheme supplied. Perhaps you meant https://facebook.com?",
            "POST": "Invalid URL 'facebook.com': No scheme supplied. Perhaps you meant https://facebook.com?",
            "PUT": "Invalid URL 'facebook.com': No scheme supplied. Perhaps you meant https://facebook.com?",
            "DELETE": "Invalid URL 'facebook.com': No scheme supplied. Perhaps you meant https://facebook.com?",
            "PATCH": "Invalid URL 'facebook.com': No scheme supplied. Perhaps you meant https://facebook.com?",
            "OPTIONS": "Invalid URL 'facebook.com': No scheme supplied. Perhaps you meant https://facebook.com?",
            "HEAD": "Invalid URL 'facebook.com': No scheme supplied. Perhaps you meant https://facebook.com?",
            "CONNECT": "Invalid URL 'facebook.com': No scheme supplied. Perhaps you meant https://facebook.com?",
            "TRACE": "Invalid URL 'facebook.com': No scheme supplied. Perhaps you meant https://facebook.com?"
        }
    }
}