{
    "Cloudflare": {
        "headers": ["cf-ray", "server: cloudflare", "cf-cache-status"],
        "status_codes": [403, 429, 503],
        "patterns": ["Cloudflare Ray ID", "Access denied", "Checking your browser"],
        "cookies": ["__cfduid", "cf_clearance"],
        "js_challenge": true
    },
    "Imperva": {
        "headers": ["x-iinfo", "x-cdn: Imperva"],
        "status_codes": [403, 502, 429],
        "patterns": ["Request unsuccessful. Incapsula", "Imperva SecureSphere"],
        "cookies": ["incap_ses_.*", "visid_incap_.*"]
    },
    "AWS WAF": {
        "headers": ["x-amzn-waf-.*", "x-amz-cf-.*"],
        "status_codes": [403, 405, 429],
        "patterns": ["AWS WAF", "Access Denied"],
        "cookies": ["aws-waf-token"]
    },
    "Akamai": {
        "headers": ["x-akamai-transformed", "server: AkamaiGHost", "x-akamai-.*"],
        "status_codes": [403, 429],
        "patterns": ["AkamaiGHost", "Access Denied"],
        "js_challenge": true
    },
    "Wordfence": {
        "headers": ["wf-block"],
        "status_codes": [403, 429],
        "patterns": ["Wordfence", "Access Denied"],
        "cookies": ["wfvt_.*"]
    },
    "NinjaFirewall": {
        "headers": ["X-NinjaFirewall"],
        "status_codes": [403, 429],
        "patterns": ["NinjaFirewall", "Access Denied"]
    },
    "Wallarm": {
        "headers": ["wallarm"],
        "status_codes": [403, 429],
        "patterns": ["Wallarm", "Access Denied"],
        "cookies": ["wallarm_.*"]
    },
    "ModSecurity": {
        "headers": ["mod_security", "x-modsecurity-.*"],
        "status_codes": [403, 406, 429],
        "patterns": ["ModSecurity", "This error was generated by Mod_Security"]
    },
    "F5 Advanced WAF": {
        "headers": ["x-f5-.*", "server: BIG-IP"],
        "status_codes": [403, 429],
        "patterns": ["F5 Big-IP", "Access Denied"],
        "cookies": ["BIGipServer.*"]
    },
    "Sucuri": {
        "headers": ["x-sucuri-id", "server: Sucuri/Cloudproxy", "x-sucuri-cache"],
        "status_codes": [403, 429],
        "patterns": ["Sucuri/Cloudproxy", "Access Denied"],
        "cookies": ["sucuri_cloudproxy_uuid_.*"]
    },
    "Fastly": {
        "headers": ["x-fastly-.*", "x-served-by: cache-.*"],
        "status_codes": [403, 429],
        "patterns": ["Fastly", "Access Denied"],
        "js_challenge": true
    },
    "Fortinet FortiWeb": {
        "headers": ["x-fortinet-.*", "server: FortiWeb"],
        "status_codes": [403, 429],
        "patterns": ["FortiWeb", "Blocked by Fortinet"],
        "cookies": ["FORTIWEB_.*"]
    },
    "Barracuda": {
        "headers": ["barracuda_.*", "x-barracuda-.*"],
        "status_codes": [403, 429],
        "patterns": ["Barracuda", "Web Application Firewall"],
        "cookies": ["barracuda_.*"]
    },
    "AppTrana": {
        "headers": ["x-apptrana-.*"],
        "status_codes": [403, 429],
        "patterns": ["AppTrana", "Protected by AppTrana"],
        "cookies": ["apptrana_.*"]
    },
    "Reblaze": {
        "headers": ["x-reblaze-.*", "server: Reblaze"],
        "status_codes": [403, 429],
        "patterns": ["Reblaze", "Access Denied"],
        "cookies": ["rbz_.*"]
    },
    "Citrix AppFirewall": {
        "headers": ["ns_af", "x-citrix-.*"],
        "status_codes": [403, 429],
        "patterns": ["Citrix NetScaler", "Application Firewall"],
        "cookies": ["citrix_ns_id"]
    },
    "Cloudbric": {
        "headers": ["x-cloudbric-.*"],
        "status_codes": [403, 429],
        "patterns": ["Cloudbric", "Access Denied"],
        "cookies": ["cloudbric_.*"]
    },
    "Myra Security": {
        "headers": ["x-myra-.*"],
        "status_codes": [403, 429],
        "patterns": ["Myra Security", "Access Denied"],
        "cookies": ["myra_.*"]
    },
    "Radware Cloud WAF": {
        "headers": ["x-radware-.*"],
        "status_codes": [403, 429],
        "patterns": ["Radware", "Access Denied"],
        "cookies": ["radware_.*"]
    },
    "Prophaze": {
        "headers": ["x-prophaze-.*"],
        "status_codes": [403, 429],
        "patterns": ["Prophaze", "Access Denied"],
        "cookies": ["prophaze_.*"]
    },
    "Aikido Security": {
        "headers": ["x-aikido-.*"],
        "status_codes": [403, 429],
        "patterns": ["Aikido", "Access Denied"],
        "cookies": ["aikido_.*"]
    },
    "Signal Sciences": {
        "headers": ["x-signalsciences-.*"],
        "status_codes": [403, 429],
        "patterns": ["Signal Sciences", "Access Denied"],
        "cookies": ["sigsci_.*"]
    },
    "Check Point CloudGuard": {
        "headers": ["x-checkpoint-.*"],
        "status_codes": [403, 429],
        "patterns": ["Check Point", "CloudGuard"],
        "cookies": ["checkpoint_.*"]
    },
    "Coraza": {
        "headers": ["x-coraza-.*"],
        "status_codes": [403, 429],
        "patterns": ["Coraza", "Access Denied"]
    },
    "SafeLine": {
        "headers": ["x-safeline-.*"],
        "status_codes": [403, 429],
        "patterns": ["SafeLine", "Access Denied"]
    },
    "WebKnight": {
        "headers": ["x-webknight-.*"],
        "status_codes": [403, 429],
        "patterns": ["WebKnight", "Access Denied"]
    },
    "Shadow Daemon": {
        "headers": ["x-shadowdaemon-.*"],
        "status_codes": [403, 429],
        "patterns": ["Shadow Daemon", "Access Denied"]
    },
    "Vulture": {
        "headers": ["x-vulture-.*"],
        "status_codes": [403, 429],
        "patterns": ["Vulture", "Access Denied"]
    },
    "IronBee": {
        "headers": ["x-ironbee-.*"],
        "status_codes": [403, 429],
        "patterns": ["IronBee", "Access Denied"]
    },
    "open-appsec": {
        "headers": ["x-openappsec-.*"],
        "status_codes": [403, 429],
        "patterns": ["open-appsec", "Access Denied"]
    },
    "SiteLock": {
        "headers": ["x-sitelock-.*"],
        "status_codes": [403, 429],
        "patterns": ["SiteLock", "Access Denied"],
        "cookies": ["sitelock_.*"]
    },
    "BitNinja": {
        "headers": ["x-bitninja-.*"],
        "status_codes": [403, 429],
        "patterns": ["BitNinja", "Access Denied"],
        "cookies": ["bitninja_.*"]
    },
    "ShieldSecurity": {
        "headers": ["x-shieldsecurity-.*"],
        "status_codes": [403, 429],
        "patterns": ["ShieldSecurity", "Access Denied"],
        "cookies": ["shield_.*"]
    },
    "Sophos UTM": {
        "headers": ["x-sophos-.*"],
        "status_codes": [403, 429],
        "patterns": ["Sophos UTM", "Access Denied"],
        "cookies": ["sophos_.*"]
    },
    "Comodo cWatch": {
        "headers": ["x-comodo-.*"],
        "status_codes": [403, 429],
        "patterns": ["Comodo", "Access Denied"],
        "cookies": ["comodo_.*"]
    },
    "CloudFront": {
        "headers": ["x-amz-cf-.*", "server: CloudFront"],
        "status_codes": [403, 429],
        "patterns": ["CloudFront", "Access Denied"],
        "cookies": ["aws-cf-.*"]
    },
    "Baidu Yunjiasu": {
        "headers": ["x-yunjiasu-.*"],
        "status_codes": [403, 429],
        "patterns": ["Yunjiasu", "Access Denied"],
        "cookies": ["yunjiasu_.*"],
        "js_challenge": true
    },
    "Tencent WAF": {
        "headers": ["x-tencent-waf-.*"],
        "status_codes": [403, 429],
        "patterns": ["Tencent WAF", "Access Denied"],
        "cookies": ["tencent_.*"]
    },
    "Alibaba Cloud WAF": {
        "headers": ["x-aliyun-waf-.*"],
        "status_codes": [403, 429],
        "patterns": ["Alibaba Cloud WAF", "Access Denied"],
        "cookies": ["aliyun_.*"]
    },
    "Qiniu WAF": {
        "headers": ["x-qiniu-waf-.*"],
        "status_codes": [403, 429],
        "patterns": ["Qiniu WAF", "Access Denied"],
        "cookies": ["qiniu_.*"]
    },
    "Azure WAF": {
        "headers": ["x-azure-waf-.*"],
        "status_codes": [403, 429],
        "patterns": ["Azure WAF", "Access Denied"],
        "cookies": ["azure_.*"]
    },
    "Incapsula": {
        "headers": ["x-incapsula-.*"],
        "status_codes": [403, 429],
        "patterns": ["Incapsula", "Access Denied"],
        "cookies": ["incap_.*"]
    },
    "DenyAll": {
        "headers": ["x-denyall-.*"],
        "status_codes": [403, 429],
        "patterns": ["DenyAll", "Access Denied"],
        "cookies": ["denyall_.*"]
    },
    "NetScaler": {
        "headers": ["x-netscaler-.*"],
        "status_codes": [403, 429],
        "patterns": ["NetScaler", "Access Denied"],
        "cookies": ["ns_.*"]
    },
    "Palo Alto": {
        "headers": ["x-paloalto-.*"],
        "status_codes": [403, 429],
        "patterns": ["Palo Alto", "Access Denied"],
        "cookies": ["palo_.*"]
    },
    "SonicWall": {
        "headers": ["x-sonicwall-.*"],
        "status_codes": [403, 429],
        "patterns": ["SonicWall", "Access Denied"],
        "cookies": ["sonic_.*"]
    },
    "StormWall": {
        "headers": ["x-stormwall-.*"],
        "status_codes": [403, 429],
        "patterns": ["StormWall", "Access Denied"],
        "cookies": ["storm_.*"]
    },
    "PerimeterX": {
        "headers": ["x-px-.*"],
        "status_codes": [403, 429],
        "patterns": ["PerimeterX", "Access Denied"],
        "cookies": ["px_.*"],
        "js_challenge": true
    },
    "Distil": {
        "headers": ["x-distil-.*"],
        "status_codes": [403, 429],
        "patterns": ["Distil", "Access Denied"],
        "cookies": ["distil_.*"],
        "js_challenge": true
    },
    "DataDome": {
        "headers": ["x-datadome-.*"],
        "status_codes": [403, 429],
        "patterns": ["DataDome", "Access Denied"],
        "cookies": ["datadome"],
        "js_challenge": true
    },
    "HumanSecurity": {
        "headers": ["x-humansecurity-.*"],
        "status_codes": [403, 429],
        "patterns": ["HumanSecurity", "Access Denied"],
        "cookies": ["hs_.*"],
        "js_challenge": true
    },
    "WAPPLES": {
        "headers": ["x-wapples-.*"],
        "status_codes": [403, 429],
        "patterns": ["WAPPLES", "Access Denied"],
        "cookies": ["wapples_.*"]
    },
    "Airlock": {
        "headers": ["x-airlock-.*"],
        "status_codes": [403, 429],
        "patterns": ["Airlock", "Access Denied"],
        "cookies": ["airlock_.*"]
    },
    "PowerShield": {
        "headers": ["x-powershield-.*"],
        "status_codes": [403, 429],
        "patterns": ["PowerShield", "Access Denied"],
        "cookies": ["powershield_.*"]
    },
    "BeeThink": {
        "headers": ["x-beethink-.*"],
        "status_codes": [403, 429],
        "patterns": ["BeeThink", "Access Denied"],
        "cookies": ["beethink_.*"]
    },
    "Naxsi": {
        "headers": ["x-naxsi-.*"],
        "status_codes": [403, 429],
        "patterns": ["Naxsi", "Access Denied"]
    },
    "SafeDog": {
        "headers": ["x-safedog-.*"],
        "status_codes": [403, 429],
        "patterns": ["SafeDog", "Access Denied"],
        "cookies": ["safedog_.*"]
    },
    "Anquanbao": {
        "headers": ["x-anquanbao-.*"],
        "status_codes": [403, 429],
        "patterns": ["Anquanbao", "Access Denied"],
        "cookies": ["anquanbao_.*"]
    },
    "Yunsuo": {
        "headers": ["x-yunsuo-.*"],
        "status_codes": [403, 429],
        "patterns": ["Yunsuo", "Access Denied"],
        "cookies": ["yunsuo_.*"]
    },
    "Hyperguard": {
        "headers": ["x-hyperguard-.*"],
        "status_codes": [403, 429],
        "patterns": ["Hyperguard", "Access Denied"],
        "cookies": ["hyperguard_.*"]
    },
    "SentryPage": {
        "headers": ["x-sentrypage-.*"],
        "status_codes": [403, 429],
        "patterns": ["SentryPage", "Access Denied"],
        "cookies": ["sentry_.*"]
    },
    "BinarySEC": {
        "headers": ["x-binarysec-.*"],
        "status_codes": [403, 429],
        "patterns": ["BinarySEC", "Access Denied"],
        "cookies": ["binarysec_.*"]
    },
    "BlockDoS": {
        "headers": ["x-blockdos-.*"],
        "status_codes": [403, 429],
        "patterns": ["BlockDoS", "Access Denied"],
        "cookies": ["blockdos_.*"]
    },
    "CrawlProtect": {
        "headers": ["x-crawlprotect-.*"],
        "status_codes": [403, 429],
        "patterns": ["CrawlProtect", "Access Denied"],
        "cookies": ["crawlprotect_.*"]
    },
    "DotDefender": {
        "headers": ["x-dotdefender-.*"],
        "status_codes": [403, 429],
        "patterns": ["DotDefender", "Access Denied"],
        "cookies": ["dotdefender_.*"]
    },
    "Edgecast": {
        "headers": ["x-edgecast-.*"],
        "status_codes": [403, 429],
        "patterns": ["Edgecast", "Access Denied"],
        "cookies": ["edgecast_.*"]
    },
    "Jiasule": {
        "headers": ["x-jiasule-.*"],
        "status_codes": [403, 429],
        "patterns": ["Jiasule", "Access Denied"],
        "cookies": ["jiasule_.*"],
        "js_challenge": true
    },
    "KS-WAF": {
        "headers": ["x-ks-waf-.*"],
        "status_codes": [403, 429],
        "patterns": ["KS-WAF", "Access Denied"],
        "cookies": ["ks_waf_.*"]
    },
    "Malcare": {
        "headers": ["x-malcare-.*"],
        "status_codes": [403, 429],
        "patterns": ["Malcare", "Access Denied"],
        "cookies": ["malcare_.*"]
    },
    "MissionControl": {
        "headers": ["x-missioncontrol-.*"],
        "status_codes": [403, 429],
        "patterns": ["MissionControl", "Access Denied"],
        "cookies": ["mission_.*"]
    },
    "NevisProxy": {
        "headers": ["x-nevisproxy-.*"],
        "status_codes": [403, 429],
        "patterns": ["NevisProxy", "Access Denied"],
        "cookies": ["nevis_.*"]
    },
    "OnMessage Shield": {
        "headers": ["x-onmessage-.*"],
        "status_codes": [403, 429],
        "patterns": ["OnMessage Shield", "Access Denied"],
        "cookies": ["onmessage_.*"]
    },
    "Profiler": {
        "headers": ["x-profiler-.*"],
        "status_codes": [403, 429],
        "patterns": ["Profiler", "Access Denied"],
        "cookies": ["profiler_.*"]
    },
    "Reblaze": {
        "headers": ["x-reblaze-.*"],
        "status_codes": [403, 429],
        "patterns": ["Reblaze", "Access Denied"],
        "cookies": ["reblaze_.*"]
    },
    "RequestValidationMode": {
        "headers": ["x-requestvalidation-.*"],
        "status_codes": [403, 429],
        "patterns": ["RequestValidationMode", "Access Denied"],
        "cookies": ["requestval_.*"]
    },
    "Sabre": {
        "headers": ["x-sabre-.*"],
        "status_codes": [403, 429],
        "patterns": ["Sabre", "Access Denied"],
        "cookies": ["sabre_.*"]
    },
    "SecureIIS": {
        "headers": ["x-secureiis-.*"],
        "status_codes": [403, 429],
        "patterns": ["SecureIIS", "Access Denied"],
        "cookies": ["secureiis_.*"]
    },
    "SecureSphere": {
        "headers": ["x-securesphere-.*"],
        "status_codes": [403, 429],
        "patterns": ["SecureSphere", "Access Denied"],
        "cookies": ["securesphere_.*"]
    },
    "Sensei": {
        "headers": ["x-sensei-.*"],
        "status_codes": [403, 429],
        "patterns": ["Sensei", "Access Denied"],
        "cookies": ["sensei_.*"]
    },
    "ServerDefender": {
        "headers": ["x-serverdefender-.*"],
        "status_codes": [403, 429],
        "patterns": ["ServerDefender", "Access Denied"],
        "cookies": ["serverdefender_.*"]
    },
    "ShieldSquare": {
        "headers": ["x-shieldsquare-.*"],
        "status_codes": [403, 429],
        "patterns": ["ShieldSquare", "Access Denied"],
        "cookies": ["shieldsquare_.*"],
        "js_challenge": true
    },
    "SiteGuard": {
        "headers": ["x-siteguard-.*"],
        "status_codes": [403, 429],
        "patterns": ["SiteGuard", "Access Denied"],
        "cookies": ["siteguard_.*"]
    },
    "Sitelock TrueShield": {
        "headers": ["x-trueshield-.*"],
        "status_codes": [403, 429],
        "patterns": ["TrueShield", "Access Denied"],
        "cookies": ["trueshield_.*"]
    },
    "Squid": {
        "headers": ["x-squid-.*"],
        "status_codes": [403, 429],
        "patterns": ["Squid", "Access Denied"],
        "cookies": ["squid_.*"]
    },
    "StackPath": {
        "headers": ["x-stackpath-.*"],
        "status_codes": [403, 429],
        "patterns": ["StackPath", "Access Denied"],
        "cookies": ["stackpath_.*"],
        "js_challenge": true
    },
    "Sucuri Firewall": {
        "headers": ["x-sucuri-firewall-.*"],
        "status_codes": [403, 429],
        "patterns": ["Sucuri Firewall", "Access Denied"],
        "cookies": ["sucuri_firewall_.*"]
    },
    "Teros": {
        "headers": ["x-teros-.*"],
        "status_codes": [403, 429],
        "patterns": ["Teros", "Access Denied"],
        "cookies": ["teros_.*"]
    },
    "ThreatSentry": {
        "headers": ["x-threatsentry-.*"],
        "status_codes": [403, 429],
        "patterns": ["ThreatSentry", "Access Denied"],
        "cookies": ["threatsentry_.*"]
    },
    "TrafficShield": {
        "headers": ["x-trafficshield-.*"],
        "status_codes": [403, 429],
        "patterns": ["TrafficShield", "Access Denied"],
        "cookies": ["trafficshield_.*"]
    },
    "URLMaster": {
        "headers": ["x-urlmaster-.*"],
        "status_codes": [403, 429],
        "patterns": ["URLMaster", "Access Denied"],
        "cookies": ["urlmaster_.*"]
    },
    "URLScan": {
        "headers": ["x-urlscan-.*"],
        "status_codes": [403, 429],
        "patterns": ["URLScan", "Access Denied"],
        "cookies": ["urlscan_.*"]
    },
    "Varnish": {
        "headers": ["x-varnish-.*"],
        "status_codes": [403, 429],
        "patterns": ["Varnish", "Access Denied"],
        "cookies": ["varnish_.*"]
    },
    "Volusion": {
        "headers": ["x-volusion-.*"],
        "status_codes": [403, 429],
        "patterns": ["Volusion", "Access Denied"],
        "cookies": ["volusion_.*"]
    },
    "Wallarm": {
        "headers": ["x-wallarm-.*"],
        "status_codes": [403, 429],
        "patterns": ["Wallarm", "Access Denied"],
        "cookies": ["wallarm_.*"]
    },
    "WebARX": {
        "headers": ["x-webarx-.*"],
        "status_codes": [403, 429],
        "patterns": ["WebARX", "Access Denied"],
        "cookies": ["webarx_.*"]
    },
    "WebRoot": {
        "headers": ["x-webroot-.*"],
        "status_codes": [403, 429],
        "patterns": ["WebRoot", "Access Denied"],
        "cookies": ["webroot_.*"]
    },
    "WebSentry": {
        "headers": ["x-websentry-.*"],
        "status_codes": [403, 429],
        "patterns": ["WebSentry", "Access Denied"],
        "cookies": ["websentry_.*"]
    },
    "Yundun": {
        "headers": ["x-yundun-.*"],
        "status_codes": [403, 429],
        "patterns": ["Yundun", "Access Denied"],
        "cookies": ["yundun_.*"]
    },
    "Zenedge": {
        "headers": ["x-zenedge-.*"],
        "status_codes": [403, 429],
        "patterns": ["Zenedge", "Access Denied"],
        "cookies": ["zenedge_.*"],
        "js_challenge": true
    },
    "ZScaler": {
        "headers": ["x-zscaler-.*"],
        "status_codes": [403, 429],
        "patterns": ["ZScaler", "Access Denied"],
        "cookies": ["zscaler_.*"]
    },
    "360 WAF": {
        "headers": ["x-360-waf-.*"],
        "status_codes": [403, 429],
        "patterns": ["360 WAF", "Access Denied"],
        "cookies": ["360waf_.*"]
    },
    "AceShield": {
        "headers": ["x-aceshield-.*"],
        "status_codes": [403, 429],
        "patterns": ["AceShield", "Access Denied"],
        "cookies": ["aceshield_.*"]
    },
    "AppWall": {
        "headers": ["x-appwall-.*"],
        "status_codes": [403, 429],
        "patterns": ["AppWall", "Access Denied"],
        "cookies": ["appwall_.*"]
    },
    "Armor": {
        "headers": ["x-armor-.*"],
        "status_codes": [403, 429],
        "patterns": ["Armor", "Access Denied"],
        "cookies": ["armor_.*"]
    },
    "ASP.NET": {
        "headers": ["x-aspnet-.*"],
        "status_codes": [403, 429],
        "patterns": ["ASP.NET", "Access Denied"],
        "cookies": ["aspnet_.*"]
    },
    "Barracuda WAF": {
        "headers": ["x-barracuda-waf-.*"],
        "status_codes": [403, 429],
        "patterns": ["Barracuda WAF", "Access Denied"],
        "cookies": ["barracuda_waf_.*"]
    },
    "BeeWare": {
        "headers": ["x-beeware-.*"],
        "status_codes": [403, 429],
        "patterns": ["BeeWare", "Access Denied"],
        "cookies": ["beeware_.*"]
    },
    "BlazeDefender": {
        "headers": ["x-blazedefender-.*"],
        "status_codes": [403, 429],
        "patterns": ["BlazeDefender", "Access Denied"],
        "cookies": ["blazedefender_.*"]
    },
    "BulletProof": {
        "headers": ["x-bulletproof-.*"],
        "status_codes": [403, 429],
        "patterns": ["BulletProof", "Access Denied"],
        "cookies": ["bulletproof_.*"]
    },
    "CacheWall": {
        "headers": ["x-cachewall-.*"],
        "status_codes": [403, 429],
        "patterns": ["CacheWall", "Access Denied"],
        "cookies": ["cachewall_.*"]
    },
    "Cerber": {
        "headers": ["x-cerber-.*"],
        "status_codes": [403, 429],
        "patterns": ["Cerber", "Access Denied"],
        "cookies": ["cerber_.*"]
    },
    "Cisco ACE": {
        "headers": ["x-cisco-ace-.*"],
        "status_codes": [403, 429],
        "patterns": ["Cisco ACE", "Access Denied"],
        "cookies": ["cisco_ace_.*"]
    },
    "CloudArmor": {
        "headers": ["x-cloudarmor-.*"],
        "status_codes": [403, 429],
        "patterns": ["CloudArmor", "Access Denied"],
        "cookies": ["cloudarmor_.*"]
    },
    "CloudPassage": {
        "headers": ["x-cloudpassage-.*"],
        "status_codes": [403, 429],
        "patterns": ["CloudPassage", "Access Denied"],
        "cookies": ["cloudpassage_.*"]
    },
    "CloudProtect": {
        "headers": ["x-cloudprotect-.*"],
        "status_codes": [403, 429],
        "patterns": ["CloudProtect", "Access Denied"],
        "cookies": ["cloudprotect_.*"]
    },
    "CloudSecurity": {
        "headers": ["x-cloudsecurity-.*"],
        "status_codes": [403, 429],
        "patterns": ["CloudSecurity", "Access Denied"],
        "cookies": ["cloudsecurity_.*"]
    },
    "CodeIgniter": {
        "headers": ["x-codeigniter-.*"],
        "status_codes": [403, 429],
        "patterns": ["CodeIgniter", "Access Denied"],
        "cookies": ["codeigniter_.*"]
    },
    "CrowdSec": {
        "headers": ["x-crowdsec-.*"],
        "status_codes": [403, 429],
        "patterns": ["CrowdSec", "Access Denied"],
        "cookies": ["crowdsec_.*"]
    },
    "CyberGuard": {
        "headers": ["x-cyberguard-.*"],
        "status_codes": [403, 429],
        "patterns": ["CyberGuard", "Access Denied"],
        "cookies": ["cyberguard_.*"]
    },
    "DeepSecurity": {
        "headers": ["x-deepsecurity-.*"],
        "status_codes": [403, 429],
        "patterns": ["DeepSecurity", "Access Denied"],
        "cookies": ["deepsecurity_.*"]
    },
    "Defender": {
        "headers": ["x-defender-.*"],
        "status_codes": [403, 429],
        "patterns": ["Defender", "Access Denied"],
        "cookies": ["defender_.*"]
    },
    "Dome9": {
        "headers": ["x-dome9-.*"],
        "status_codes": [403, 429],
        "patterns": ["Dome9", "Access Denied"],
        "cookies": ["dome9_.*"]
    },
    "EagleEye": {
        "headers": ["x-eagleeye-.*"],
        "status_codes": [403, 429],
        "patterns": ["EagleEye", "Access Denied"],
        "cookies": ["eagleeye_.*"]
    },
    "EdgeDefender": {
        "headers": ["x-edgedefender-.*"],
        "status_codes": [403, 429],
        "patterns": ["EdgeDefender", "Access Denied"],
        "cookies": ["edgedefender_.*"]
    },
    "FirePass": {
        "headers": ["x-firepass-.*"],
        "status_codes": [403, 429],
        "patterns": ["FirePass", "Access Denied"],
        "cookies": ["firepass_.*"]
    },
    "FortiGate": {
        "headers": ["x-fortigate-.*"],
        "status_codes": [403, 429],
        "patterns": ["FortiGate", "Access Denied"],
        "cookies": ["fortigate_.*"]
    },
    "Guardian": {
        "headers": ["x-guardian-.*"],
        "status_codes": [403, 429],
        "patterns": ["Guardian", "Access Denied"],
        "cookies": ["guardian_.*"]
    },
    "HawkEye": {
        "headers": ["x-hawkeye-.*"],
        "status_codes": [403, 429],
        "patterns": ["HawkEye", "Access Denied"],
        "cookies": ["hawkeye_.*"]
    },
    "iFinity": {
        "headers": ["x-ifinity-.*"],
        "status_codes": [403, 429],
        "patterns": ["iFinity", "Access Denied"],
        "cookies": ["ifinity_.*"]
    },
    "Imperva SecureSphere": {
        "headers": ["x-imperva-securesphere-.*"],
        "status_codes": [403, 429],
        "patterns": ["Imperva SecureSphere", "Access Denied"],
        "cookies": ["securesphere_.*"]
    },
    "Intrushield": {
        "headers": ["x-intrushield-.*"],
        "status_codes": [403, 429],
        "patterns": ["Intrushield", "Access Denied"],
        "cookies": ["intrushield_.*"]
    },
    "IronWall": {
        "headers": ["x-ironwall-.*"],
        "status_codes": [403, 429],
        "patterns": ["IronWall", "Access Denied"],
        "cookies": ["ironwall_.*"]
    },
    "Kona": {
        "headers": ["x-kona-.*"],
        "status_codes": [403, 429],
        "patterns": ["Kona", "Access Denied"],
        "cookies": ["kona_.*"]
    },
    "LiteSpeed": {
        "headers": ["x-litespeed-.*"],
        "status_codes": [403, 429],
        "patterns": ["LiteSpeed", "Access Denied"],
        "cookies": ["litespeed_.*"]
    },
    "Lockdown": {
        "headers": ["x-lockdown-.*"],
        "status_codes": [403, 429],
        "patterns": ["Lockdown", "Access Denied"],
        "cookies": ["lockdown_.*"]
    },
    "NetContinuum": {
        "headers": ["x-netcontinuum-.*"],
        "status_codes": [403, 429],
        "patterns": ["NetContinuum", "Access Denied"],
        "cookies": ["netcontinuum_.*"]
    },
    "NetScaler AppFirewall": {
        "headers": ["x-netscaler-appfirewall-.*"],
        "status_codes": [403, 429],
        "patterns": ["NetScaler AppFirewall", "Access Denied"],
        "cookies": ["netscaler_.*"]
    },
    "Ngenix": {
        "headers": ["x-ngenix-.*"],
        "status_codes": [403, 429],
        "patterns": ["Ngenix", "Access Denied"],
        "cookies": ["ngenix_.*"]
    },
    "NSFocus": {
        "headers": ["x-nsfocus-.*"],
        "status_codes": [403, 429],
        "patterns": ["NSFocus", "Access Denied"],
        "cookies": ["nsfocus_.*"]
    },
    "Palo Alto WAF": {
        "headers": ["x-palo-alto-waf-.*"],
        "status_codes": [403, 429],
        "patterns": ["Palo Alto WAF", "Access Denied"],
        "cookies": ["palo_alto_.*"]
    },
    "PowerCDN": {
        "headers": ["x-powercdn-.*"],
        "status_codes": [403, 429],
        "patterns": ["PowerCDN", "Access Denied"],
        "cookies": ["powercdn_.*"]
    },
    "Proventia": {
        "headers": ["x-proventia-.*"],
        "status_codes": [403, 429],
        "patterns": ["Proventia", "Access Denied"],
        "cookies": ["proventia_.*"]
    },
    "ProxyShield": {
        "headers": ["x-proxyshield-.*"],
        "status_codes": [403, 429],
        "patterns": ["ProxyShield", "Access Denied"],
        "cookies": ["proxyshield_.*"]
    },
    "Radware AppWall": {
        "headers": ["x-radware-appwall-.*"],
        "status_codes": [403, 429],
        "patterns": ["Radware AppWall", "Access Denied"],
        "cookies": ["radware_appwall_.*"]
    },
    "Safe3WAF": {
        "headers": ["x-safe3waf-.*"],
        "status_codes": [403, 429],
        "patterns": ["Safe3WAF", "Access Denied"],
        "cookies": ["safe3waf_.*"]
    },
    "SecureEntry": {
        "headers": ["x-secureentry-.*"],
        "status_codes": [403, 429],
        "patterns": ["SecureEntry", "Access Denied"],
        "cookies": ["secureentry_.*"]
    },
    "Shadowd": {
        "headers": ["x-shadowd-.*"],
        "status_codes": [403, 429],
        "patterns": ["Shadowd", "Access Denied"],
        "cookies": ["shadowd_.*"]
    },
    "Shieldfy": {
        "headers": ["x-shieldfy-.*"],
        "status_codes": [403, 429],
        "patterns": ["Shieldfy", "Access Denied"],
        "cookies": ["shieldfy_.*"]
    },
    "Snapt": {
        "headers": ["x-snapt-.*"],
        "status_codes": [403, 429],
        "patterns": ["Snapt", "Access Denied"],
        "cookies": ["snapt_.*"]
    },
    "Sophos WAF": {
        "headers": ["x-sophos-waf-.*"],
        "status_codes": [403, 429],
        "patterns": ["Sophos WAF", "Access Denied"],
        "cookies": ["sophos_waf_.*"]
    },
    "Stingray": {
        "headers": ["x-stingray-.*"],
        "status_codes": [403, 429],
        "patterns": ["Stingray", "Access Denied"],
        "cookies": ["stingray_.*"]
    },
    "Sucuri WAF": {
        "headers": ["x-sucuri-waf-.*"],
        "status_codes": [403, 429],
        "patterns": ["Sucuri WAF", "Access Denied"],
        "cookies": ["sucuri_waf_.*"]
    },
    "Symantec WAF": {
        "headers": ["x-symantec-waf-.*"],
        "status_codes": [403, 429],
        "patterns": ["Symantec WAF", "Access Denied"],
        "cookies": ["symantec_.*"]
    },
    "Trustwave": {
        "headers": ["x-trustwave-.*"],
        "status_codes": [403, 429],
        "patterns": ["Trustwave", "Access Denied"],
        "cookies": ["trustwave_.*"]
    },
    "UtmWebProtection": {
        "headers": ["x-utmwebprotection-.*"],
        "status_codes": [403, 429],
        "patterns": ["UtmWebProtection", "Access Denied"],
        "cookies": ["utmweb_.*"]
    },
    "Vanguard": {
        "headers": ["x-vanguard-.*"],
        "status_codes": [403, 429],
        "patterns": ["Vanguard", "Access Denied"],
        "cookies": ["vanguard_.*"]
    },
    "WatchGuard": {
        "headers": ["x-watchguard-.*"],
        "status_codes": [403, 429],
        "patterns": ["WatchGuard", "Access Denied"],
        "cookies": ["watchguard_.*"]
    },
    "WebDefender": {
        "headers": ["x-webdefender-.*"],
        "status_codes": [403, 429],
        "patterns": ["WebDefender", "Access Denied"],
        "cookies": ["webdefender_.*"]
    },
    "WebKnight WAF": {
        "headers": ["x-webknight-waf-.*"],
        "status_codes": [403, 429],
        "patterns": ["WebKnight WAF", "Access Denied"],
        "cookies": ["webknight_waf_.*"]
    },
    "WebSeal": {
        "headers": ["x-webseal-.*"],
        "status_codes": [403, 429],
        "patterns": ["WebSeal", "Access Denied"],
        "cookies": ["webseal_.*"]
    },
    "WebTitan": {
        "headers": ["x-webtitan-.*"],
        "status_codes": [403, 429],
        "patterns": ["WebTitan", "Access Denied"],
        "cookies": ["webtitan_.*"]
    },
    "Wordfence Security": {
        "headers": ["x-wordfence-security-.*"],
        "status_codes": [403, 429],
        "patterns": ["Wordfence Security", "Access Denied"],
        "cookies": ["wordfence_security_.*"]
    },
    "XSSProtect": {
        "headers": ["x-xssprotect-.*"],
        "status_codes": [403, 429],
        "patterns": ["XSSProtect", "Access Denied"],
        "cookies": ["xssprotect_.*"]
    },
    "YunJiaSu": {
        "headers": ["x-yunjiasu-.*"],
        "status_codes": [403, 429],
        "patterns": ["YunJiaSu", "Access Denied"],
        "cookies": ["yunjiasu_.*"],
        "js_challenge": true
    },
    "ZenEdge": {
        "headers": ["x-zenedge-.*"],
        "status_codes": [403, 429],
        "patterns": ["ZenEdge", "Access Denied"],
        "cookies": ["zenedge_.*"],
        "js_challenge": true
    }
}
