<?xml version="1.0" encoding="UTF-8"?><theHarvester><cmd>-d facebook.com -b all -f theharvester.json</cmd><host>upload.facebook.com</host><host>business.facebook.com</host><host>accountscenter.facebook.com</host><host>en-gb.facebook.com</host><host>www.facebook.com</host><host>developers.facebook.com</host><host>apps.facebook.com</host><host>adsmanager.facebook.com</host><host>l.facebook.com</host><host>mbasic.facebook.com</host><host>*.facebook.com</host><host>*.m.facebook.com</host><host>2Fblog.facebook.com</host><host>static.facebook.com</host><host>2Fwww.facebook.com</host><host>blog.facebook.com</host><host>research.facebook.com</host><host>2Fresearch.facebook.com</host><host>www.facebook.com</host><host>govtrequests.facebook.com</host><host>z-test-realtime.facebook.com</host><host>t.facebook.com</host><host>buw.facebook.com</host><host>synthetic-e2e-shivedge-dev-shv-01-sea1.facebook.com</host><host>fwdgroup.facebook.com</host><host>z-m-nohsts.c10r.facebook.com</host><host>whatsapp-chatd-msgr-mini-edge6-shv-02-atl3.facebook.com</host><host>time1.facebook.com</host><host>headers-regional.vvv.facebook.com</host><host>whatsapp-chatd-msgr-edge-shv-02-lax3.facebook.com</host><host>ssl.connect.facebook.com</host><host>workplacebcp.facebook.com</host><host>personetics.facebook.com</host><host>aboitiz.facebook.com</host><host>livestream-edgetee-ws-upload-shv-02-atl3.facebook.com</host><host>touch.secure.facebook.com</host><host>adsmanager-graph.facebook.com</host><host>graph2.facebook.com</host><host>edge-dgw-shv-01-pnq1.facebook.com</host><host>workplace.facebook.com</host><host>kathmandu.facebook.com</host><host>mbasic.cinyourrc.facebook.com</host><host>topgolf.facebook.com</host><host>godrejproperties.facebook.com</host><host>iu-ca.facebook.com</host><host>webdav.facebook.com</host><host>creators.dns.facebook.com</host><host>financialcenter833.facebook.com</host><host>kehilot.m.facebook.com</host><host>gateway.facebook.com</host><host>edge-dgw-shv-01-bog2.facebook.com</host><host>shop.facebook.com</host><host>wit-edge.c10r.facebook.com</host><host>payu.facebook.com</host><host>free.facebook.com</host><host>thrift.facebook.com</host><host>mt-mt.facebook.com</host><host>developers.graph.facebook.com</host><host>wwww.facebook.com</host><host>xn--m-zwfj3dobnka6bgbho1isa5ih9bi5f3lwdixh.facebook.com</host><host>chloevanuyttrecht.facebook.com</host><host>visionworks.facebook.com</host><host>adsmanager.secure.facebook.com</host><host>edge-secure-shv-02-iad3.facebook.com</host><host>edge-mqtt-fallback.facebook.com</host><host>viewregister.facebook.com</host><host>edge-star-mini6-shv-02-nrt1.facebook.com</host><host>yaw.facebook.com</host><host>limited.facebook.com</host><host>z-m-nohsts.facebook.com</host><host>dgw-mini.fallback.c10r.facebook.com</host><host>z-p42-instagram.c10r.facebook.com</host><host>shortwave.c10r.facebook.com</host><host>66-220-144-157.outmail.facebook.com</host><host>star.c10r.facebook.com</host><host>forums.developers.facebook.com</host><host>chat-e2ee.c10r.facebook.com</host><host>rupload-mrs2-2.up.facebook.com</host><host>chat-e2ee.facebook.com</host><host>ralphlauren.m.facebook.com</host><host>fb.beta.facebook.com</host><host>beta.facebook.com</host><host>onenec.m.facebook.com</host><host>latest.c10r.facebook.com</host><host>www.login.facebook.com</host><host>mtouch.secure.facebook.com</host><host>terrabellashop.facebook.com</host><host>graph-video.beta.facebook.com</host><host>westshorehome.facebook.com</host><host>payu.m.facebook.com</host><host>partners.c10r.facebook.com</host><host>mobile.cinyourrc.facebook.com</host><host>web.facebook.com</host><host>m.facebook.com</host><host>ig-thrift.facebook.com</host><host>livestream-edgetee-upload-shv-01-sea1.facebook.com</host><host>ep7.facebook.com</host><host>topgolf.m.facebook.com</host><host>whatsapp-chatd-igd-p42-edge-shv-01-ord5.facebook.com</host><host>speedtest-edgeray.c10r.facebook.com</host><host>ep2.facebook.com</host><host>portal.facebook.com</host><host>z-p42-chat-e2ee-ig-fallback.facebook.com</host><host>3dwww.facebook.com</host><host>w4kvmi.n.oobjckdww.facebook.com</host><host>z-p15-instagram.c10r.facebook.com</host><host>payments.facebook.com</host><host>z-m.c10r.facebook.com</host><host>rupload-hkg1-2.up.facebook.com</host><host>edge-mqtt-mini-shv-02-cgk1.facebook.com</host><host>opensource.facebook.com</host><host>familycenter.facebook.com</host><host>education.facebook.com</host><host>star-nohsts.c10r.facebook.com</host><host>time3.facebook.com</host><host>work-26601139.facebook.com</host><host>dgw.fallback.c10r.facebook.com</host><host>badge.facebook.com</host><host>time4.facebook.com</host><host>photos-901.ak.facebook.com</host><host>graph-www.facebook.com</host><host>ns.c10r.facebook.com</host><host>ww.facebook.com</host><host>business.facebook.com</host><host>snaptu-d.facebook.com</host><host>mcid-a695d7b6-bf32-4134-8cc1-7f4b25fb7b5e.ep-mimecast.facebook.com</host><host>ak.facebook.com</host><host>alicorp.facebook.com</host><host>design.facebook.com</host><host>edge-c2p.c10r.facebook.com</host><host>adsmanager.facebook.com</host><host>apps.facebook.com</host><host>mqtt.fallback.c10r.facebook.com</host><host>graph.beta.facebook.com</host><host>stewart.m.facebook.com</host><host>oculus.c10r.facebook.com</host><host>vodafoneidea.facebook.com</host><host>www.alpha.facebook.com</host><host>rupload-lhr8-2.up.facebook.com</host><host>star-mini.c10r.facebook.com</host><host>extern.c10r.facebook.com</host><host>1-pct.channel.facebook.com</host><host>ifaci.facebook.com</host><host>intern-managed-client-shv-01-sea1.facebook.com</host><host>workrooms-teams-media-shv-01-sea1.facebook.com</host><host>edge-star-shv-03-lga3.facebook.com</host><host>brutex.facebook.com</host><host>creators.facebook.com</host><host>bbbb.graph.facebook.com</host><host>santiagoblancovocos.cinyour.facebook.com</host><host>www.null.facebook.com</host><host>www.developers.facebook.com</host><host>alicorp.m.facebook.com</host><host>instagram.c10r.facebook.com</host><host>reckitt.facebook.com</host><host>m.facebook.comm.facebook.com</host><host>edge-mqtt-mini-shv-01-fml1.facebook.com</host><host>cb-iq.facebook.com</host><host>edge-x2p.c10r.facebook.com</host><host>m.cinyourrc.facebook.com</host><host>s.facebook.com</host><host>10.241.channel.facebook.com</host><host>z-p4-instagram.c10r.facebook.com</host><host>ieee-wp.facebook.com</host><host>www.qrcode-www.facebook.com</host><host>photos-202.ak.facebook.com</host><host>intern-managed-client.c10r.facebook.com</host><host>elkjopnordic.facebook.com</host><host>oneifs.facebook.com</host><host>kathmandu.m.facebook.com</host><host>edge-mqtt-shv-01-pnq1.facebook.com</host><host>edge-star-shv-02-fra5.facebook.com</host><host>edge-star-mini-shv-01-ams4.facebook.com</host><host>mail.fr-fr.facebook.com</host><host>cn.facebook.com</host><host>graph.null.facebook.com</host><host>web.cinyourrc.facebook.com</host><host>whatsapp-chatd-msgr-mini-edge-shv-01-sea1.facebook.com</host><host>aistudio.facebook.com</host><host>onevc.vvv.facebook.com</host><host>null.facebook.com</host><host>chat-e2ee-ig-p42.fallback.c10r.facebook.com</host><host>static.ak.new.facebook.com</host><host>grupomulheresdobrasilcombr.m.facebook.com</host><host>kehilot.facebook.com</host><host>edge-z-p4-shv-01-sea1.facebook.com</host><host>crowdstrike.secure.secure.beta.facebook.com</host><host>z-m-graph.beta.facebook.com</host><host>developers.c10r.facebook.com</host><host>payments-graph.facebook.com</host><host>payments-graph.prod.facebook.com</host><host>oculus.fallback.c10r.facebook.com</host><host>edge-star-shv-02-ord5.facebook.com</host><host>mail.facebook.com</host><host>edge-star-mini-shv-01-phx1.facebook.com</host><host>www.facebook.com.br.gratis</host><host>time.facebook.com</host><host>www.0.facebook.com</host><host>mobile.facebook.com</host><host>wwsw.facebook.com</host><host>dohproxy-shv-01-sea1.facebook.com</host><host>secure.c10r.facebook.com</host><host>anycast-control-ext-shv-01-sea1.facebook.com</host><host>crowdstrike.business.secure.beta.facebook.com</host><host>is154158m.facebook.com</host><host>com.facebook.com</host><host>myconnection.facebook.com</host><host>browseusers.facebook.com</host><host>fblite-mini.fallback.c10r.facebook.com</host><host>code.facebook.com</host><host>m.beta.facebook.com</host><host>z-p3.c10r.facebook.com</host><host>saga.facebook.com</host><host>www.facebook.com</host><host>oculus-verts-shv-01-sea1.facebook.com</host><host>edge-mqtt-shv-01-sea1.facebook.com</host><host>touch.facebook.com</host><host>time2.facebook.com</host><host>star-mini.fallback.c10r.facebook.com</host><host>edge-chat.facebook.com</host><host>brutex.m.facebook.com</host><host>research.facebook.com</host><host>instagram-nohsts.c10r.facebook.com</host><host>developers.facebook.com</host><host>saga.m.facebook.com</host><host>whatsapp-chatd-edge-shv-02-bom1.facebook.com</host><host>busness.facebook.com</host><host>de.facebook.com</host><host>kaios-d.facebook.com</host><host>dgw.c10r.facebook.com</host><host>xxx.graph.facebook.com</host><host>www.z-m-gateway.facebook.com</host><host>devvm23800.prn0.facebook.com</host><host>www.graph.facebook.com</host><host>work.facebook.com</host><host>69-171-232-168.mail-work-hipri.facebook.com</host><host>telefonica.facebook.com</host><host>fblite-p1.c10r.facebook.com</host><host>fb.m.beta.facebook.com</host><host>mbasic.facebook.com</host><host><ip>157.240.225.25</ip><hostname>anycast-control-ext-shv-01-man2.facebook.com</hostname></host><host><ip>31.13.70.136</ip><hostname>anycast-control-ext3-shv-01-lax3.facebook.com</hostname></host><host><ip>157.240.244.40</ip><hostname>anycast-control-mini-shv-01-mty2.facebook.com</hostname></host><host><ip>163.70.140.18</ip><hostname>anycast-control-ext-shv-01-hyd1.facebook.com</hostname></host><host><ip>163.70.148.128</ip><hostname>anycast-control-ext3-shv-01-bkk1.facebook.com</hostname></host><host><ip>57.144.178.7</ip><hostname>anycast-control-mini-shv-01-poa1.facebook.com</hostname></host><host><ip>31.13.65.133</ip><hostname>anycast-control-ext3-shv-01-atl3.facebook.com</hostname></host><host><ip>157.240.0.33</ip><hostname>anycast-control-mini-shv-02-fra3.facebook.com</hostname></host><host><ip>157.240.25.129</ip><hostname>anycast-control-ext3-shv-02-qro1.facebook.com</hostname></host><host><ip>163.70.132.11</ip><hostname>anycast-control-ext-shv-01-kul2.facebook.com</hostname></host><host><ip>157.240.236.14</ip><hostname>anycast-control-ext-shv-01-kul3.facebook.com</hostname></host><host><ip>157.240.1.42</ip><hostname>anycast-control-mini-shv-01-ccu1.facebook.com</hostname></host><host><ip>57.144.152.152</ip><hostname>anycast-control-ext-shv-01-sin2.facebook.com</hostname></host><host><ip>31.13.94.136</ip><hostname>anycast-control-ext3-shv-01-eze1.facebook.com</hostname></host><host><ip>79.171.121.126</ip><hostname>79-171-121-126-kh.facebook.com</hostname></host><host><ip>31.13.71.11</ip><hostname>anycast-control-ext-shv-01-lga3.facebook.com</hostname></host><host><ip>31.13.71.222</ip><hostname>cloud-x2p.c10r.facebook.com</hostname></host><host><ip>57.144.157.142</ip><hostname>anycast-control-ext3-shv-03-tir3.facebook.com</hostname></host><host><ip>31.13.94.13</ip><hostname>anycast-control-ext-shv-01-eze1.facebook.com</hostname></host><host><ip>157.240.26.132</ip><hostname>anycast-control-ext3-shv-01-msp1.facebook.com</hostname></host><host><ip>157.240.252.58</ip><hostname>anycast-control-ext3-shv-01-fra3.facebook.com</hostname></host><host><ip>157.240.199.7</ip><hostname>anycast-control-ext-shv-01-hkg4.facebook.com</hostname></host><host><ip>157.240.192.133</ip><hostname>anycast-control-ext3-shv-02-maa2.facebook.com</hostname></host><host><ip>157.240.236.38</ip><hostname>anycast-control-mini-shv-01-kul3.facebook.com</hostname></host><host><ip>57.144.158.152</ip><hostname>anycast-control-ext-shv-04-tir3.facebook.com</hostname></host><host><ip>79.171.121.94</ip><hostname>79-171-121-94-kh.facebook.com</hostname></host><host><ip>196.200.161.158</ip><hostname>cache.facebook.com</hostname></host><host><ip>57.144.109.142</ip><hostname>anycast-control-ext3-shv-01-fml20.facebook.com</hostname></host><host><ip>163.70.146.16</ip><hostname>anycast-control-ext-shv-01-del2.facebook.com</hostname></host><host><ip>79.171.121.111</ip><hostname>79-171-121-111-kh.facebook.com</hostname></host><host><ip>157.240.229.42</ip><hostname>anycast-control-mini-shv-02-iad3.facebook.com</hostname></host><host><ip>79.171.121.71</ip><hostname>79-171-121-71-kh.facebook.com</hostname></host><host><ip>79.171.121.92</ip><hostname>79-171-121-92-kh.facebook.com</hostname></host><host><ip>157.240.31.55</ip><hostname>anycast-control-ext3-shv-02-nrt1.facebook.com</hostname></host><host><ip>157.240.12.12</ip><hostname>anycast-control-ext-shv-02-gru2.facebook.com</hostname></host><host><ip>157.240.252.39</ip><hostname>anycast-control-mini-shv-01-fra3.facebook.com</hostname></host><host><ip>163.70.137.20</ip><hostname>anycast-control-ext-shv-02-kul2.facebook.com</hostname></host><host><ip>102.132.101.19</ip><hostname>anycast-control-ext-shv-01-los2.facebook.com</hostname></host><host><ip>57.144.146.7</ip><hostname>anycast-control-mini-shv-03-del2.facebook.com</hostname></host><host><ip>104.130.43.184</ip><hostname>szymon-hijacking.static.ak.facebook.com</hostname></host><host><ip>157.240.210.42</ip><hostname>anycast-control-mini-shv-01-ham3.facebook.com</hostname></host><host><ip>103.162.254.72</ip><hostname>de-cix2.ase.facebook.com</hostname></host><host><ip>157.240.249.55</ip><hostname>anycast-control-ext3-shv-01-ord5.facebook.com</hostname></host><host><ip>57.144.136.152</ip><hostname>anycast-control-ext-shv-01-bsb1.facebook.com</hostname></host><host><ip>93.191.8.130</ip><hostname>cache-rix-130.facebook.com</hostname></host><host><ip>31.13.88.14</ip><hostname>anycast-control-ext-shv-02-atl3.facebook.com</hostname></host><host><ip>57.144.121.142</ip><hostname>anycast-control-ext3-shv-03-mrs2.facebook.com</hostname></host><host><ip>57.144.172.7</ip><hostname>anycast-control-mini-shv-01-det1.facebook.com</hostname></host><host><ip>157.240.212.6</ip><hostname>anycast-control-ext-shv-01-lis1.facebook.com</hostname></host><host><ip>102.132.103.55</ip><hostname>anycast-control-ext3-shv-02-hbe1.facebook.com</hostname></host><host><ip>157.240.214.8</ip><hostname>anycast-control-ext-shv-02-lhr8.facebook.com</hostname></host><host><ip>157.240.245.16</ip><hostname>anycast-control-ext-shv-01-bos5.facebook.com</hostname></host><host><ip>79.171.121.101</ip><hostname>79-171-121-101-kh.facebook.com</hostname></host><host><ip>157.240.15.130</ip><hostname>anycast-control-ext3-shv-03-sin6.facebook.com</hostname></host><host><ip>157.240.223.7</ip><hostname>anycast-control-ext-shv-01-muc2.facebook.com</hostname></host><host><ip>31.13.95.42</ip><hostname>anycast-control-mini-shv-02-cgk1.facebook.com</hostname></host><host><ip>57.144.152.7</ip><hostname>anycast-control-mini-shv-01-sin2.facebook.com</hostname></host><host><ip>57.144.103.142</ip><hostname>anycast-control-ext3-shv-01-fmx1.facebook.com</hostname></host><host><ip>157.240.15.21</ip><hostname>anycast-control-ext-shv-03-sin6.facebook.com</hostname></host><host><ip>157.240.238.17</ip><hostname>anycast-control-ext-shv-01-ist1.facebook.com</hostname></host><host><ip>157.240.226.25</ip><hostname>anycast-control-ext-shv-02-gru1.facebook.com</hostname></host><host><ip>31.13.67.15</ip><hostname>anycast-control-ext-shv-01-mia3.facebook.com</hostname></host><host><ip>157.240.198.42</ip><hostname>anycast-control-mini-shv-01-del1.facebook.com</hostname></host><host><ip>31.13.69.32</ip><hostname>anycast-control-mini-shv-01-pmo1.facebook.com</hostname></host><host><ip>57.144.120.7</ip><hostname>anycast-control-mini-shv-03-mrs2.facebook.com</hostname></host><host><ip>163.70.147.15</ip><hostname>anycast-control-ext-shv-01-lhr6.facebook.com</hostname></host><host><ip>157.240.19.17</ip><hostname>anycast-control-ext-shv-01-dfw5.facebook.com</hostname></host><host><ip>157.240.22.42</ip><hostname>anycast-control-mini-shv-01-sjc3.facebook.com</hostname></host><host><ip>157.240.23.42</ip><hostname>anycast-control-mini-shv-01-maa2.facebook.com</hostname></host><host><ip>79.171.121.106</ip><hostname>79-171-121-106-kh.facebook.com</hostname></host><host><ip>163.70.145.32</ip><hostname>anycast-control-mini-shv-02-del2.facebook.com</hostname></host><host><ip>157.240.233.130</ip><hostname>anycast-control-ext3-shv-01-gua1.facebook.com</hostname></host><host><ip>57.144.156.7</ip><hostname>anycast-control-mini-shv-03-tir3.facebook.com</hostname></host><host><ip>157.240.234.42</ip><hostname>anycast-control-mini-shv-02-sof1.facebook.com</hostname></host><host><ip>157.240.202.50</ip><hostname>anycast-control-ext3-shv-02-cdg4.facebook.com</hostname></host><host><ip>163.70.152.16</ip><hostname>anycast-control-ext-shv-01-bog2.facebook.com</hostname></host><host><ip>102.132.99.42</ip><hostname>anycast-control-mini-shv-01-cpt1.facebook.com</hostname></host><host><ip>57.144.195.142</ip><hostname>anycast-control-ext3-shv-03-dfw5.facebook.com</hostname></host><host><ip>57.144.122.152</ip><hostname>anycast-control-ext-shv-02-hyd1.facebook.com</hostname></host><host><ip>157.240.17.7</ip><hostname>anycast-control-ext-shv-01-zrh1.facebook.com</hostname></host><host><ip>157.240.203.128</ip><hostname>anycast-control-ext3-shv-01-mxp2.facebook.com</hostname></host><host><ip>157.240.11.136</ip><hostname>anycast-control-ext3-shv-02-lax3.facebook.com</hostname></host><host><ip>57.144.105.142</ip><hostname>anycast-control-ext3-shv-01-den2.facebook.com</hostname></host><host><ip>79.171.121.86</ip><hostname>79-171-121-86-kh.facebook.com</hostname></host><host><ip>31.13.91.38</ip><hostname>anycast-control-mini-shv-02-gig4.facebook.com</hostname></host><host><ip>163.70.138.38</ip><hostname>anycast-control-mini-shv-01-tir3.facebook.com</hostname></host><host><ip>31.13.86.11</ip><hostname>anycast-control-ext-shv-01-mxp1.facebook.com</hostname></host><host><ip>157.240.251.39</ip><hostname>anycast-control-mini-shv-01-fra5.facebook.com</hostname></host><host><ip>157.240.17.128</ip><hostname>anycast-control-ext3-shv-01-zrh1.facebook.com</hostname></host><host><ip>157.240.22.33</ip><hostname>chat-e2ee-mini.c10r.facebook.com</hostname></host><host><ip>102.132.104.57</ip><hostname>anycast-control-ext3-shv-01-jnb2.facebook.com</hostname></host><host><ip>102.132.103.1</ip><hostname>anycast-control-ext-shv-02-hbe1.facebook.com</hostname></host><host><ip>157.240.3.133</ip><hostname>anycast-control-ext3-shv-01-sea1.facebook.com</hostname></host><host><ip>157.240.209.128</ip><hostname>anycast-control-ext3-shv-01-itm1.facebook.com</hostname></host><host><ip>31.13.87.42</ip><hostname>anycast-control-mini-shv-01-tpe1.facebook.com</hostname></host><host><ip>31.13.64.56</ip><hostname>anycast-control-ext3-shv-02-ccu1.facebook.com</hostname></host><host><ip>157.240.221.128</ip><hostname>anycast-control-ext3-shv-01-lhr8.facebook.com</hostname></host><host><ip>31.13.95.21</ip><hostname>anycast-control-ext-shv-02-cgk1.facebook.com</hostname></host><host><ip>157.240.26.15</ip><hostname>anycast-control-ext-shv-01-msp1.facebook.com</hostname></host><host><ip>57.144.142.7</ip><hostname>anycast-control-mini-shv-02-ccu2.facebook.com</hostname></host><host><ip>31.13.80.42</ip><hostname>anycast-control-mini-shv-01-yyz1.facebook.com</hostname></host><host><ip>157.240.215.42</ip><hostname>anycast-control-mini-shv-01-ssn1.facebook.com</hostname></host><host><ip>157.240.229.25</ip><hostname>anycast-control-ext-shv-02-iad3.facebook.com</hostname></host><host><ip>157.240.16.42</ip><hostname>anycast-control-mini-shv-01-bom1.facebook.com</hostname></host><host><ip>57.144.159.142</ip><hostname>anycast-control-ext3-shv-04-tir3.facebook.com</hostname></host><host><ip>31.13.82.13</ip><hostname>anycast-control-ext-shv-01-nrt1.facebook.com</hostname></host><host><ip>79.171.121.76</ip><hostname>79-171-121-76-kh.facebook.com</hostname></host><host><ip>57.144.144.152</ip><hostname>anycast-control-ext-shv-01-sin11.facebook.com</hostname></host><host><ip>157.240.195.42</ip><hostname>anycast-control-mini-shv-01-mrs2.facebook.com</hostname></host><host><ip>57.144.176.152</ip><hostname>anycast-control-ext-shv-04-bom2.facebook.com</hostname></host><host><ip>57.144.146.152</ip><hostname>anycast-control-ext-shv-03-del2.facebook.com</hostname></host><host><ip>157.240.27.15</ip><hostname>anycast-control-ext-shv-01-dus1.facebook.com</hostname></host><host><ip>57.144.116.7</ip><hostname>anycast-control-mini-shv-01-fml1.facebook.com</hostname></host><host><ip>157.240.238.55</ip><hostname>anycast-control-ext3-shv-01-ist1.facebook.com</hostname></host><host><ip>57.144.115.142</ip><hostname>anycast-control-ext3-shv-02-bog2.facebook.com</hostname></host><host><ip>57.144.149.142</ip><hostname>anycast-control-ext3-shv-02-mct1.facebook.com</hostname></host><host><ip>157.240.238.40</ip><hostname>anycast-control-mini-shv-01-ist1.facebook.com</hostname></host><host><ip>79.171.121.80</ip><hostname>79-171-121-80-kh.facebook.com</hostname></host><host><ip>163.70.144.41</ip><hostname>anycast-control-mini-shv-02-bom2.facebook.com</hostname></host><host><ip>157.240.22.168</ip><hostname>dgw-p4.c10r.facebook.com</hostname></host><host><ip>57.144.192.152</ip><hostname>anycast-control-ext-shv-02-cgk2.facebook.com</hostname></host><host><ip>49.13.88.112</ip><hostname>ads.facebook.com</hostname></host><host><ip>31.13.80.11</ip><hostname>anycast-control-ext-shv-01-yyz1.facebook.com</hostname></host><host><ip>163.70.130.8</ip><hostname>anycast-control-ext-shv-02-mnl1.facebook.com</hostname></host><host><ip>31.13.88.130</ip><hostname>anycast-control-ext3-shv-02-atl3.facebook.com</hostname></host><host><ip>31.13.67.42</ip><hostname>anycast-control-mini-shv-01-mia3.facebook.com</hostname></host><host><ip>157.240.211.10</ip><hostname>anycast-control-ext-shv-02-hkg4.facebook.com</hostname></host><host><ip>157.240.16.15</ip><hostname>anycast-control-ext-shv-01-bom1.facebook.com</hostname></host><host><ip>163.70.158.41</ip><hostname>anycast-control-mini-shv-01-hkg1.facebook.com</hostname></host><host><ip>157.240.245.54</ip><hostname>anycast-control-ext3-shv-01-bos5.facebook.com</hostname></host><host><ip>157.240.29.10</ip><hostname>anycast-control-ext-shv-01-doh1.facebook.com</hostname></host><host><ip>157.240.231.25</ip><hostname>anycast-control-ext-shv-01-fco2.facebook.com</hostname></host><host><ip>57.144.111.142</ip><hostname>anycast-control-ext3-shv-01-waw2.facebook.com</hostname></host><host><ip>79.171.121.121</ip><hostname>79-171-121-121-kh.facebook.com</hostname></host><host><ip>79.171.121.87</ip><hostname>79-171-121-87-kh.facebook.com</hostname></host><host><ip>57.144.193.142</ip><hostname>anycast-control-ext3-shv-02-cgk2.facebook.com</hostname></host><host><ip>192.168.16.27</ip><hostname>alf.facebook.com</hostname></host><host><ip>57.144.177.142</ip><hostname>anycast-control-ext3-shv-04-bom2.facebook.com</hostname></host><host><ip>157.240.247.55</ip><hostname>anycast-control-ext3-shv-01-ams2.facebook.com</hostname></host><host><ip>157.240.247.16</ip><hostname>anycast-control-ext-shv-01-ams2.facebook.com</hostname></host><host><ip>157.240.222.130</ip><hostname>anycast-control-ext3-shv-01-gru1.facebook.com</hostname></host><host><ip>31.13.65.12</ip><hostname>anycast-control-ext-shv-01-atl3.facebook.com</hostname></host><host><ip>31.13.83.133</ip><hostname>anycast-control-ext3-shv-01-mad1.facebook.com</hostname></host><host><ip>157.240.252.12</ip><hostname>anycast-control-ext-shv-01-fra3.facebook.com</hostname></host><host><ip>157.240.210.128</ip><hostname>anycast-control-ext3-shv-01-ham3.facebook.com</hostname></host><host><ip>79.171.121.72</ip><hostname>79-171-121-72-kh.facebook.com</hostname></host><host><ip>57.144.128.7</ip><hostname>anycast-control-mini-shv-01-for2.facebook.com</hostname></host><host><ip>157.240.22.132</ip><hostname>anycast-control-ext3-shv-01-sjc3.facebook.com</hostname></host><host><ip>79.171.121.84</ip><hostname>79-171-121-84-kh.facebook.com</hostname></host><host><ip>163.70.139.13</ip><hostname>anycast-control-ext-shv-02-tir3.facebook.com</hostname></host><host><ip>57.144.184.7</ip><hostname>anycast-control-mini-shv-02-mnl3.facebook.com</hostname></host><host><ip>163.70.131.57</ip><hostname>anycast-control-ext3-shv-01-mnl1.facebook.com</hostname></host><host><ip>157.240.254.55</ip><hostname>anycast-control-ext3-shv-02-ord5.facebook.com</hostname></host><host><ip>31.13.84.42</ip><hostname>anycast-control-mini-shv-01-vie1.facebook.com</hostname></host><host><ip>79.171.121.74</ip><hostname>79-171-121-74-kh.facebook.com</hostname></host><host><ip>57.144.129.142</ip><hostname>anycast-control-ext3-shv-01-for2.facebook.com</hostname></host><host><ip>79.171.121.118</ip><hostname>79-171-121-118-kh.facebook.com</hostname></host><host><ip>57.144.114.7</ip><hostname>anycast-control-mini-shv-02-bog2.facebook.com</hostname></host><host><ip>157.240.237.41</ip><hostname>anycast-control-mini-shv-02-pnq1.facebook.com</hostname></host><host><ip>57.144.112.7</ip><hostname>anycast-control-mini-shv-02-waw2.facebook.com</hostname></host><host><ip>79.171.121.75</ip><hostname>79-171-121-75-kh.facebook.com</hostname></host><host><ip>157.240.0.59</ip><hostname>anycast-control-ext3-shv-02-fra3.facebook.com</hostname></host><host><ip>102.132.101.42</ip><hostname>anycast-control-mini-shv-01-los2.facebook.com</hostname></host><host><ip>157.240.254.15</ip><hostname>anycast-control-ext-shv-02-ord5.facebook.com</hostname></host><host><ip>157.240.224.55</ip><hostname>anycast-control-ext3-shv-01-iev1.facebook.com</hostname></host><host><ip>57.144.158.7</ip><hostname>anycast-control-mini-shv-04-tir3.facebook.com</hostname></host><host><ip>31.13.79.133</ip><hostname>anycast-control-ext3-shv-02-bom1.facebook.com</hostname></host><host><ip>163.70.144.56</ip><hostname>anycast-control-ext3-shv-02-bom2.facebook.com</hostname></host><host><ip>179.60.195.42</ip><hostname>anycast-control-mini-shv-01-bru2.facebook.com</hostname></host><host><ip>57.144.168.7</ip><hostname>anycast-control-mini-shv-01-blr1.facebook.com</hostname></host><host><ip>57.144.161.142</ip><hostname>anycast-control-ext3-shv-02-sin2.facebook.com</hostname></host><host><ip>157.240.247.40</ip><hostname>anycast-control-mini-shv-01-ams2.facebook.com</hostname></host><host><ip>163.70.147.41</ip><hostname>anycast-control-mini-shv-01-lhr6.facebook.com</hostname></host><host><ip>57.144.120.152</ip><hostname>anycast-control-ext-shv-03-mrs2.facebook.com</hostname></host><host><ip>157.240.200.6</ip><hostname>anycast-control-ext-shv-01-cph2.facebook.com</hostname></host><host><ip>79.171.121.97</ip><hostname>79-171-121-97-kh.facebook.com</hostname></host><host><ip>93.191.8.132</ip><hostname>cache-rix-132.facebook.com</hostname></host><host><ip>157.240.204.42</ip><hostname>anycast-control-mini-shv-01-scl2.facebook.com</hostname></host><host><ip>57.144.125.142</ip><hostname>anycast-control-ext3-shv-03-bom2.facebook.com</hostname></host><host><ip>163.70.151.32</ip><hostname>anycast-control-mini-shv-02-lhr6.facebook.com</hostname></host><host><ip>157.240.5.55</ip><hostname>anycast-control-ext3-shv-01-mad2.facebook.com</hostname></host><host><ip>31.13.76.130</ip><hostname>anycast-control-ext3-shv-01-gmp1.facebook.com</hostname></host><host><ip>163.70.138.57</ip><hostname>anycast-control-ext3-shv-01-tir3.facebook.com</hostname></host><host><ip>157.240.224.15</ip><hostname>anycast-control-ext-shv-01-iev1.facebook.com</hostname></host><host><ip>57.144.123.142</ip><hostname>anycast-control-ext3-shv-02-hyd1.facebook.com</hostname></host><host><ip>102.132.101.129</ip><hostname>anycast-control-ext3-shv-01-los2.facebook.com</hostname></host><host><ip>157.240.24.129</ip><hostname>anycast-control-ext3-shv-01-hou1.facebook.com</hostname></host><host><ip>157.240.242.25</ip><hostname>anycast-control-ext-shv-01-pnq1.facebook.com</hostname></host><host><ip>31.13.66.133</ip><hostname>anycast-control-ext3-shv-01-iad3.facebook.com</hostname></host><host><ip>157.240.22.175</ip><hostname>chat-e2ee-ig-p42.c10r.facebook.com</hostname></host><host><ip>102.132.104.33</ip><hostname>anycast-control-mini-shv-01-jnb2.facebook.com</hostname></host><host><ip>157.240.24.21</ip><hostname>anycast-control-ext-shv-01-hou1.facebook.com</hostname></host><host><ip>157.240.224.40</ip><hostname>anycast-control-mini-shv-01-iev1.facebook.com</hostname></host><host><ip>157.240.235.25</ip><hostname>anycast-control-ext-shv-04-sin6.facebook.com</hostname></host><host><ip>57.144.175.142</ip><hostname>anycast-control-ext3-shv-03-ord5.facebook.com</hostname></host><host><ip>57.144.126.152</ip><hostname>anycast-control-ext-shv-02-ist1.facebook.com</hostname></host><host><ip>157.240.200.42</ip><hostname>anycast-control-mini-shv-01-cph2.facebook.com</hostname></host><host><ip>57.144.169.142</ip><hostname>anycast-control-ext3-shv-01-blr1.facebook.com</hostname></host><host><ip>79.171.121.103</ip><hostname>79-171-121-103-kh.facebook.com</hostname></host><host><ip>157.240.199.42</ip><hostname>anycast-control-mini-shv-01-hkg4.facebook.com</hostname></host><host><ip>31.13.93.136</ip><hostname>anycast-control-ext3-shv-02-dfw5.facebook.com</hostname></host><host><ip>157.240.197.7</ip><hostname>anycast-control-ext-shv-01-lim1.facebook.com</hostname></host><host><ip>157.240.242.128</ip><hostname>anycast-control-ext3-shv-01-pnq1.facebook.com</hostname></host><host><ip>79.171.121.110</ip><hostname>79-171-121-110-kh.facebook.com</hostname></host><host><ip>69.171.227.75</ip><hostname>aura-11-01-snc7.facebook.com</hostname></host><host><ip>79.171.121.95</ip><hostname>79-171-121-95-kh.facebook.com</hostname></host><host><ip>57.144.173.142</ip><hostname>anycast-control-ext3-shv-01-det1.facebook.com</hostname></host><host><ip>31.13.95.130</ip><hostname>anycast-control-ext3-shv-02-cgk1.facebook.com</hostname></host><host><ip>157.240.30.42</ip><hostname>anycast-control-mini-shv-01-prg1.facebook.com</hostname></host><host><ip>57.144.168.152</ip><hostname>anycast-control-ext-shv-01-blr1.facebook.com</hostname></host><host><ip>57.144.101.142</ip><hostname>anycast-control-ext3-shv-01-cgk2.facebook.com</hostname></host><host><ip>157.240.200.130</ip><hostname>anycast-control-ext3-shv-01-cph2.facebook.com</hostname></host><host><ip>157.240.209.6</ip><hostname>anycast-control-ext-shv-01-itm1.facebook.com</hostname></host><host><ip>31.13.87.13</ip><hostname>anycast-control-ext-shv-01-tpe1.facebook.com</hostname></host><host><ip>69.171.250.56</ip><hostname>anycast-control-ext3-shv-01-any2.facebook.com</hostname></host><host><ip>157.240.27.133</ip><hostname>anycast-control-ext3-shv-01-dus1.facebook.com</hostname></host><host><ip>57.144.147.142</ip><hostname>anycast-control-ext3-shv-03-del2.facebook.com</hostname></host><host><ip>31.13.89.133</ip><hostname>anycast-control-ext3-shv-01-qro1.facebook.com</hostname></host><host><ip>163.70.131.36</ip><hostname>anycast-control-mini-shv-01-mnl1.facebook.com</hostname></host><host><ip>57.144.135.142</ip><hostname>anycast-control-ext3-shv-01-phx1.facebook.com</hostname></host><host><ip>31.13.76.10</ip><hostname>anycast-control-ext-shv-01-gmp1.facebook.com</hostname></host><host><ip>157.240.1.130</ip><hostname>anycast-control-ext3-shv-01-ccu1.facebook.com</hostname></host><host><ip>57.144.182.7</ip><hostname>anycast-control-mini-shv-01-mnl3.facebook.com</hostname></host><host><ip>157.240.16.133</ip><hostname>anycast-control-ext3-shv-01-bom1.facebook.com</hostname></host><host><ip>157.240.212.128</ip><hostname>anycast-control-ext3-shv-01-lis1.facebook.com</hostname></host><host><ip>157.240.201.7</ip><hostname>anycast-control-ext-shv-01-ams4.facebook.com</hostname></host><host><ip>163.70.140.39</ip><hostname>anycast-control-mini-shv-01-hyd1.facebook.com</hostname></host><host><ip>157.240.221.7</ip><hostname>anycast-control-ext-shv-01-lhr8.facebook.com</hostname></host><host><ip>31.13.93.17</ip><hostname>anycast-control-ext-shv-02-dfw5.facebook.com</hostname></host><host><ip>57.144.132.7</ip><hostname>anycast-control-mini-shv-03-atl3.facebook.com</hostname></host><host><ip>157.240.254.40</ip><hostname>anycast-control-mini-shv-02-ord5.facebook.com</hostname></host><host><ip>57.144.185.142</ip><hostname>anycast-control-ext3-shv-02-mnl3.facebook.com</hostname></host><host><ip>157.240.192.8</ip><hostname>anycast-control-ext-shv-02-maa2.facebook.com</hostname></host><host><ip>157.240.223.42</ip><hostname>anycast-control-mini-shv-01-muc2.facebook.com</hostname></host><host><ip>157.240.8.42</ip><hostname>anycast-control-mini-shv-01-syd2.facebook.com</hostname></host><host><ip>157.240.29.37</ip><hostname>anycast-control-mini-shv-01-doh1.facebook.com</hostname></host><host><ip>157.240.243.17</ip><hostname>anycast-control-ext-shv-01-bcn1.facebook.com</hostname></host><host><ip>79.171.121.109</ip><hostname>79-171-121-109-kh.facebook.com</hostname></host><host><ip>57.144.186.7</ip><hostname>anycast-control-mini-shv-03-sin2.facebook.com</hostname></host><host><ip>79.171.121.91</ip><hostname>79-171-121-91-kh.facebook.com</hostname></host><host><ip>157.240.225.42</ip><hostname>anycast-control-mini-shv-01-man2.facebook.com</hostname></host><host><ip>57.144.164.152</ip><hostname>anycast-control-ext-shv-02-for2.facebook.com</hostname></host><host><ip>157.240.14.42</ip><hostname>anycast-control-mini-shv-02-mia3.facebook.com</hostname></host><host><ip>79.171.121.93</ip><hostname>79-171-121-93-kh.facebook.com</hostname></host><host><ip>163.70.137.53</ip><hostname>anycast-control-ext3-shv-02-kul2.facebook.com</hostname></host><host><ip>157.240.222.10</ip><hostname>anycast-control-ext-shv-01-gru1.facebook.com</hostname></host><host><ip>57.144.102.7</ip><hostname>anycast-control-mini-shv-01-fmx1.facebook.com</hostname></host><host><ip>157.240.196.42</ip><hostname>anycast-control-mini-shv-02-mrs2.facebook.com</hostname></host><host><ip>157.240.3.42</ip><hostname>anycast-control-mini-shv-01-sea1.facebook.com</hostname></host><host><ip>157.240.7.42</ip><hostname>anycast-control-mini-shv-01-sin6.facebook.com</hostname></host><host><ip>157.240.233.25</ip><hostname>anycast-control-ext-shv-01-gua1.facebook.com</hostname></host><host><ip>57.144.132.152</ip><hostname>anycast-control-ext-shv-03-atl3.facebook.com</hostname></host><host><ip>157.240.253.56</ip><hostname>anycast-control-ext3-shv-02-fra5.facebook.com</hostname></host><host><ip>157.240.237.128</ip><hostname>anycast-control-ext3-shv-02-pnq1.facebook.com</hostname></host><host><ip>57.144.143.142</ip><hostname>anycast-control-ext3-shv-02-ccu2.facebook.com</hostname></host><host><ip>157.240.202.16</ip><hostname>anycast-control-ext-shv-02-cdg4.facebook.com</hostname></host><host><ip>70.38.77.247</ip><hostname>bluedive.facebook.com</hostname></host><host><ip>157.240.251.53</ip><hostname>anycast-control-ext3-shv-01-fra5.facebook.com</hostname></host><host><ip>163.70.130.38</ip><hostname>anycast-control-mini-shv-02-mnl1.facebook.com</hostname></host><host><ip>31.13.88.42</ip><hostname>anycast-control-mini-shv-02-atl3.facebook.com</hostname></host><host><ip>57.144.110.152</ip><hostname>anycast-control-ext-shv-01-waw2.facebook.com</hostname></host><host><ip>57.144.153.142</ip><hostname>anycast-control-ext3-shv-01-sin2.facebook.com</hostname></host><host><ip>157.240.22.19</ip><hostname>developers.c10r.facebook.com</hostname></host><host><ip>31.13.64.32</ip><hostname>anycast-control-mini-shv-02-ccu1.facebook.com</hostname></host><host><ip>157.240.235.130</ip><hostname>anycast-control-ext3-shv-04-sin6.facebook.com</hostname></host><host><ip>57.144.139.142</ip><hostname>anycast-control-ext3-shv-01-mba2.facebook.com</hostname></host><host><ip>157.240.11.15</ip><hostname>anycast-control-ext-shv-02-lax3.facebook.com</hostname></host><host><ip>57.144.102.152</ip><hostname>anycast-control-ext-shv-01-fmx1.facebook.com</hostname></host><host><ip>79.171.121.66</ip><hostname>79-171-121-66-kh.facebook.com</hostname></host><host><ip>163.70.138.16</ip><hostname>anycast-control-ext-shv-01-tir3.facebook.com</hostname></host><host><ip>57.144.172.152</ip><hostname>anycast-control-ext-shv-01-det1.facebook.com</hostname></host><host><ip>157.240.12.136</ip><hostname>anycast-control-ext3-shv-02-gru2.facebook.com</hostname></host><host><ip>79.171.121.88</ip><hostname>79-171-121-88-kh.facebook.com</hostname></host><host><ip>157.240.214.42</ip><hostname>anycast-control-mini-shv-02-lhr8.facebook.com</hostname></host><host><ip>179.60.195.9</ip><hostname>anycast-control-ext-shv-01-bru2.facebook.com</hostname></host><host><ip>163.70.139.53</ip><hostname>anycast-control-ext3-shv-02-tir3.facebook.com</hostname></host><host><ip>57.144.137.142</ip><hostname>anycast-control-ext3-shv-01-bsb1.facebook.com</hostname></host><host><ip>57.144.162.7</ip><hostname>anycast-control-mini-shv-03-mia3.facebook.com</hostname></host><host><ip>185.60.219.36</ip><hostname>anycast-control-mini-shv-01-cdg4.facebook.com</hostname></host><host><ip>31.13.80.136</ip><hostname>anycast-control-ext3-shv-01-yyz1.facebook.com</hostname></host><host><ip>79.171.121.96</ip><hostname>79-171-121-96-kh.facebook.com</hostname></host><host><ip>31.13.66.6</ip><hostname>anycast-control-ext-shv-01-iad3.facebook.com</hostname></host><host><ip>57.144.104.7</ip><hostname>anycast-control-mini-shv-01-den2.facebook.com</hostname></host><host><ip>157.240.243.55</ip><hostname>anycast-control-ext3-shv-01-bcn1.facebook.com</hostname></host><host><ip>102.132.97.42</ip><hostname>anycast-control-mini-shv-01-hbe1.facebook.com</hostname></host><host><ip>157.240.9.133</ip><hostname>anycast-control-ext3-shv-01-sof1.facebook.com</hostname></host><host><ip>163.70.128.14</ip><hostname>anycast-control-ext-shv-03-cdg4.facebook.com</hostname></host><host><ip>157.240.209.42</ip><hostname>anycast-control-mini-shv-01-itm1.facebook.com</hostname></host><host><ip>157.240.210.6</ip><hostname>anycast-control-ext-shv-01-ham3.facebook.com</hostname></host><host><ip>157.240.13.13</ip><hostname>anycast-control-ext-shv-02-sin6.facebook.com</hostname></host><host><ip>163.70.152.37</ip><hostname>anycast-control-mini-shv-01-bog2.facebook.com</hostname></host><host><ip>79.171.121.114</ip><hostname>79-171-121-114-kh.facebook.com</hostname></host><host><ip>163.70.130.56</ip><hostname>anycast-control-ext3-shv-02-mnl1.facebook.com</hostname></host><host><ip>163.70.146.42</ip><hostname>anycast-control-mini-shv-01-del2.facebook.com</hostname></host><host><ip>31.13.90.3</ip><hostname>anycast-control-ext-shv-01-gig4.facebook.com</hostname></host><host><ip>79.171.121.69</ip><hostname>79-171-121-69-kh.facebook.com</hostname></host><host><ip>157.240.22.64</ip><hostname>chat-e2ee.c10r.facebook.com</hostname></host><host><ip>185.60.217.42</ip><hostname>anycast-control-mini-shv-01-ber1.facebook.com</hostname></host><host><ip>79.171.121.120</ip><hostname>79-171-121-120-kh.facebook.com</hostname></host><host><ip>157.240.1.24</ip><hostname>anycast-control-ext-shv-01-ccu1.facebook.com</hostname></host><host><ip>57.144.127.142</ip><hostname>anycast-control-ext3-shv-02-ist1.facebook.com</hostname></host><host><ip>163.70.143.59</ip><hostname>anycast-control-ext3-shv-01-bom2.facebook.com</hostname></host><host><ip>57.144.160.7</ip><hostname>anycast-control-mini-shv-02-sin2.facebook.com</hostname></host><host><ip>157.240.14.14</ip><hostname>anycast-control-ext-shv-02-mia3.facebook.com</hostname></host><host><ip>157.240.211.128</ip><hostname>anycast-control-ext3-shv-02-hkg4.facebook.com</hostname></host><host><ip>157.240.226.42</ip><hostname>anycast-control-mini-shv-02-gru1.facebook.com</hostname></host><host><ip>157.240.239.42</ip><hostname>anycast-control-mini-shv-02-del1.facebook.com</hostname></host><host><ip>157.240.201.42</ip><hostname>anycast-control-mini-shv-01-ams4.facebook.com</hostname></host><host><ip>157.240.231.130</ip><hostname>anycast-control-ext3-shv-01-fco2.facebook.com</hostname></host><host><ip>163.70.143.39</ip><hostname>anycast-control-mini-shv-01-bom2.facebook.com</hostname></host><host><ip>79.171.121.98</ip><hostname>79-171-121-98-kh.facebook.com</hostname></host><host><ip>57.144.180.7</ip><hostname>anycast-control-mini-shv-03-lga3.facebook.com</hostname></host><host><ip>93.191.8.133</ip><hostname>cache-rix-133.facebook.com</hostname></host><host><ip>157.240.17.42</ip><hostname>anycast-control-mini-shv-01-zrh1.facebook.com</hostname></host><host><ip>79.171.121.78</ip><hostname>79-171-121-78-kh.facebook.com</hostname></host><host><ip>31.13.83.42</ip><hostname>anycast-control-mini-shv-01-mad1.facebook.com</hostname></host><host><ip>31.13.78.130</ip><hostname>anycast-control-ext3-shv-01-akl1.facebook.com</hostname></host><host><ip>31.13.72.42</ip><hostname>anycast-control-mini-shv-01-arn2.facebook.com</hostname></host><host><ip>157.240.214.128</ip><hostname>anycast-control-ext3-shv-02-lhr8.facebook.com</hostname></host><host><ip>31.13.71.133</ip><hostname>anycast-control-ext3-shv-01-lga3.facebook.com</hostname></host><host><ip>31.13.69.26</ip><hostname>anycast-control-ext-shv-01-pmo1.facebook.com</hostname></host><host><ip>185.60.218.133</ip><hostname>anycast-control-ext3-shv-01-otp1.facebook.com</hostname></host><host><ip>185.60.218.42</ip><hostname>anycast-control-mini-shv-01-otp1.facebook.com</hostname></host><host><ip>31.13.82.133</ip><hostname>anycast-control-ext3-shv-01-nrt1.facebook.com</hostname></host><host><ip>31.13.65.42</ip><hostname>anycast-control-mini-shv-01-atl3.facebook.com</hostname></host><host><ip>157.240.25.42</ip><hostname>anycast-control-mini-shv-02-qro1.facebook.com</hostname></host><host><ip>66.220.155.44</ip><hostname>mx.ash2.facebook.com</hostname></host><host><ip>157.240.211.42</ip><hostname>anycast-control-mini-shv-02-hkg4.facebook.com</hostname></host><host><ip>57.144.110.7</ip><hostname>anycast-control-mini-shv-01-waw2.facebook.com</hostname></host><host><ip>57.144.183.142</ip><hostname>anycast-control-ext3-shv-01-mnl3.facebook.com</hostname></host><host><ip>57.144.187.142</ip><hostname>anycast-control-ext3-shv-03-sin2.facebook.com</hostname></host><host><ip>163.70.148.4</ip><hostname>anycast-control-ext-shv-01-bkk1.facebook.com</hostname></host><host><ip>57.144.134.7</ip><hostname>anycast-control-mini-shv-01-phx1.facebook.com</hostname></host><host><ip>57.144.150.152</ip><hostname>anycast-control-ext-shv-02-sin11.facebook.com</hostname></host><host><ip>157.240.197.42</ip><hostname>anycast-control-mini-shv-01-lim1.facebook.com</hostname></host><host><ip>157.240.234.130</ip><hostname>anycast-control-ext3-shv-02-sof1.facebook.com</hostname></host><host><ip>79.171.121.100</ip><hostname>79-171-121-100-kh.facebook.com</hostname></host><host><ip>103.162.254.71</ip><hostname>de-cix.ase.facebook.com</hostname></host><host><ip>157.240.25.21</ip><hostname>anycast-control-ext-shv-02-qro1.facebook.com</hostname></host><host><ip>157.240.195.7</ip><hostname>anycast-control-ext-shv-01-mrs2.facebook.com</hostname></host><host><ip>31.13.73.133</ip><hostname>anycast-control-ext3-shv-01-dub4.facebook.com</hostname></host><host><ip>157.240.7.18</ip><hostname>anycast-control-ext-shv-01-sin6.facebook.com</hostname></host><host><ip>157.240.208.42</ip><hostname>anycast-control-mini-shv-01-cgk1.facebook.com</hostname></host><host><ip>57.144.170.152</ip><hostname>anycast-control-ext-shv-02-blr1.facebook.com</hostname></host><host><ip>69.171.250.26</ip><hostname>anycast-control-ext-shv-01-any2.facebook.com</hostname></host><host><ip>79.171.121.102</ip><hostname>79-171-121-102-kh.facebook.com</hostname></host><host><ip>31.13.72.10</ip><hostname>anycast-control-ext-shv-01-arn2.facebook.com</hostname></host><host><ip>57.144.117.142</ip><hostname>anycast-control-ext3-shv-01-fml1.facebook.com</hostname></host><host><ip>157.240.215.6</ip><hostname>anycast-control-ext-shv-01-ssn1.facebook.com</hostname></host><host><ip>157.240.229.131</ip><hostname>anycast-control-ext3-shv-02-iad3.facebook.com</hostname></host><host><ip>31.13.89.42</ip><hostname>anycast-control-mini-shv-01-qro1.facebook.com</hostname></host><host><ip>57.144.108.152</ip><hostname>anycast-control-ext-shv-01-fml20.facebook.com</hostname></host><host><ip>79.171.121.105</ip><hostname>79-171-121-105-kh.facebook.com</hostname></host><host><ip>157.240.3.4</ip><hostname>anycast-control-ext-shv-01-sea1.facebook.com</hostname></host><host><ip>157.240.11.42</ip><hostname>anycast-control-mini-shv-02-lax3.facebook.com</hostname></host><host><ip>163.70.149.32</ip><hostname>anycast-control-mini-shv-02-bkk1.facebook.com</hostname></host><host><ip>157.240.9.42</ip><hostname>anycast-control-mini-shv-01-sof1.facebook.com</hostname></host><host><ip>157.240.241.42</ip><hostname>anycast-control-mini-shv-02-lga3.facebook.com</hostname></host><host><ip>57.144.104.152</ip><hostname>anycast-control-ext-shv-01-den2.facebook.com</hostname></host><host><ip>57.144.133.142</ip><hostname>anycast-control-ext3-shv-03-atl3.facebook.com</hostname></host><host><ip>163.70.132.32</ip><hostname>anycast-control-mini-shv-01-kul2.facebook.com</hostname></host><host><ip>31.13.76.42</ip><hostname>anycast-control-mini-shv-01-gmp1.facebook.com</hostname></host><host><ip>157.240.27.42</ip><hostname>anycast-control-mini-shv-01-dus1.facebook.com</hostname></host><host><ip>57.144.124.7</ip><hostname>anycast-control-mini-shv-03-bom2.facebook.com</hostname></host><host><ip>79.171.121.117</ip><hostname>79-171-121-117-kh.facebook.com</hostname></host><host><ip>102.132.104.15</ip><hostname>anycast-control-ext-shv-01-jnb2.facebook.com</hostname></host><host><ip>31.13.70.12</ip><hostname>anycast-control-ext-shv-01-lax3.facebook.com</hostname></host><host><ip>102.132.103.33</ip><hostname>anycast-control-mini-shv-02-hbe1.facebook.com</hostname></host><host><ip>31.13.71.42</ip><hostname>anycast-control-mini-shv-01-lga3.facebook.com</hostname></host><host><ip>157.240.31.20</ip><hostname>anycast-control-ext-shv-02-nrt1.facebook.com</hostname></host><host><ip>157.240.208.130</ip><hostname>anycast-control-ext3-shv-01-cgk1.facebook.com</hostname></host><host><ip>79.171.121.81</ip><hostname>79-171-121-81-kh.facebook.com</hostname></host><host><ip>69.171.250.44</ip><hostname>anycast-control-mini-shv-01-any2.facebook.com</hostname></host><host><ip>57.144.112.152</ip><hostname>anycast-control-ext-shv-02-waw2.facebook.com</hostname></host><host><ip>163.70.149.128</ip><hostname>anycast-control-ext3-shv-02-bkk1.facebook.com</hostname></host><host><ip>163.70.151.49</ip><hostname>anycast-control-ext3-shv-02-lhr6.facebook.com</hostname></host><host><ip>163.70.139.33</ip><hostname>anycast-control-mini-shv-02-tir3.facebook.com</hostname></host><host><ip>102.132.99.8</ip><hostname>anycast-control-ext-shv-01-cpt1.facebook.com</hostname></host><host><ip>79.171.121.123</ip><hostname>79-171-121-123-kh.facebook.com</hostname></host><host><ip>157.240.19.19</ip><hostname>business.facebook.com</hostname></host><host><ip>163.70.137.41</ip><hostname>anycast-control-mini-shv-02-kul2.facebook.com</hostname></host><host><ip>31.13.91.2</ip><hostname>anycast-control-ext-shv-02-gig4.facebook.com</hostname></host><host><ip>163.70.147.59</ip><hostname>anycast-control-ext3-shv-01-lhr6.facebook.com</hostname></host><host><ip>157.240.225.130</ip><hostname>anycast-control-ext3-shv-01-man2.facebook.com</hostname></host><host><ip>163.70.149.9</ip><hostname>anycast-control-ext-shv-02-bkk1.facebook.com</hostname></host><host><ip>57.144.141.142</ip><hostname>anycast-control-ext3-shv-01-ccu2.facebook.com</hostname></host><host><ip>157.240.23.133</ip><hostname>anycast-control-ext3-shv-01-maa2.facebook.com</hostname></host><host><ip>157.240.203.25</ip><hostname>anycast-control-ext-shv-01-mxp2.facebook.com</hostname></host><host><ip>157.240.199.128</ip><hostname>anycast-control-ext3-shv-01-hkg4.facebook.com</hostname></host><host><ip>163.70.148.36</ip><hostname>anycast-control-mini-shv-01-bkk1.facebook.com</hostname></host><host><ip>163.70.132.56</ip><hostname>anycast-control-ext3-shv-01-kul2.facebook.com</hostname></host><host><ip>31.13.82.42</ip><hostname>anycast-control-mini-shv-01-nrt1.facebook.com</hostname></host><host><ip>157.240.12.42</ip><hostname>anycast-control-mini-shv-02-gru2.facebook.com</hostname></host><host><ip>163.70.146.59</ip><hostname>anycast-control-ext3-shv-01-del2.facebook.com</hostname></host><host><ip>102.132.99.130</ip><hostname>anycast-control-ext3-shv-01-cpt1.facebook.com</hostname></host><host><ip>57.144.100.7</ip><hostname>anycast-control-mini-shv-01-cgk2.facebook.com</hostname></host><host><ip>79.171.121.112</ip><hostname>79-171-121-112-kh.facebook.com</hostname></host><host><ip>93.191.8.129</ip><hostname>cache-rix-129.facebook.com</hostname></host><host><ip>163.70.158.128</ip><hostname>anycast-control-ext3-shv-01-hkg1.facebook.com</hostname></host><host><ip>185.60.217.133</ip><hostname>anycast-control-ext3-shv-01-ber1.facebook.com</hostname></host><host><ip>157.240.227.130</ip><hostname>anycast-control-ext3-shv-01-mct1.facebook.com</hostname></host><host><ip>31.13.69.130</ip><hostname>anycast-control-ext3-shv-01-pmo1.facebook.com</hostname></host><host><ip>57.144.122.7</ip><hostname>anycast-control-mini-shv-02-hyd1.facebook.com</hostname></host><host><ip>31.13.93.42</ip><hostname>anycast-control-mini-shv-02-dfw5.facebook.com</hostname></host><host><ip>157.240.253.16</ip><hostname>anycast-control-ext-shv-02-fra5.facebook.com</hostname></host><host><ip>57.144.186.152</ip><hostname>anycast-control-ext-shv-03-sin2.facebook.com</hostname></host><host><ip>185.60.219.55</ip><hostname>anycast-control-ext3-shv-01-cdg4.facebook.com</hostname></host><host><ip>57.144.100.152</ip><hostname>anycast-control-ext-shv-01-cgk2.facebook.com</hostname></host><host><ip>157.240.227.25</ip><hostname>anycast-control-ext-shv-01-mct1.facebook.com</hostname></host><host><ip>157.240.241.21</ip><hostname>anycast-control-ext-shv-02-lga3.facebook.com</hostname></host><host><ip>157.240.19.136</ip><hostname>anycast-control-ext3-shv-01-dfw5.facebook.com</hostname></host><host><ip>31.13.87.136</ip><hostname>anycast-control-ext3-shv-01-tpe1.facebook.com</hostname></host><host><ip>31.13.73.42</ip><hostname>anycast-control-mini-shv-01-dub4.facebook.com</hostname></host><host><ip>157.240.19.42</ip><hostname>anycast-control-mini-shv-01-dfw5.facebook.com</hostname></host><host><ip>79.171.121.85</ip><hostname>79-171-121-85-kh.facebook.com</hostname></host><host><ip>157.240.237.25</ip><hostname>anycast-control-ext-shv-02-pnq1.facebook.com</hostname></host><host><ip>157.240.244.17</ip><hostname>anycast-control-ext-shv-01-mty2.facebook.com</hostname></host><host><ip>31.13.64.2</ip><hostname>anycast-control-ext-shv-02-ccu1.facebook.com</hostname></host><host><ip>157.240.226.130</ip><hostname>anycast-control-ext3-shv-02-gru1.facebook.com</hostname></host><host><ip>57.144.144.7</ip><hostname>anycast-control-mini-shv-01-sin11.facebook.com</hostname></host><host><ip>31.13.84.136</ip><hostname>anycast-control-ext3-shv-01-vie1.facebook.com</hostname></host><host><ip>157.240.205.25</ip><hostname>anycast-control-ext-shv-01-hel3.facebook.com</hostname></host><host><ip>57.144.114.152</ip><hostname>anycast-control-ext-shv-02-bog2.facebook.com</hostname></host><host><ip>157.240.244.54</ip><hostname>anycast-control-ext3-shv-01-mty2.facebook.com</hostname></host><host><ip>57.144.151.142</ip><hostname>anycast-control-ext3-shv-02-sin11.facebook.com</hostname></host><host><ip>31.13.72.133</ip><hostname>anycast-control-ext3-shv-01-arn2.facebook.com</hostname></host><host><ip>57.144.165.142</ip><hostname>anycast-control-ext3-shv-02-for2.facebook.com</hostname></host><host><ip>157.240.233.42</ip><hostname>anycast-control-mini-shv-01-gua1.facebook.com</hostname></host><host><ip>157.240.231.42</ip><hostname>anycast-control-mini-shv-01-fco2.facebook.com</hostname></host><host><ip>157.240.195.131</ip><hostname>anycast-control-ext3-shv-01-mrs2.facebook.com</hostname></host><host><ip>163.70.152.57</ip><hostname>anycast-control-ext3-shv-01-bog2.facebook.com</hostname></host><host><ip>157.240.236.57</ip><hostname>anycast-control-ext3-shv-01-kul3.facebook.com</hostname></host><host><ip>79.171.121.122</ip><hostname>79-171-121-122-kh.facebook.com</hostname></host><host><ip>31.13.70.42</ip><hostname>anycast-control-mini-shv-01-lax3.facebook.com</hostname></host><host><ip>157.240.212.42</ip><hostname>anycast-control-mini-shv-01-lis1.facebook.com</hostname></host><host><ip>157.240.24.42</ip><hostname>anycast-control-mini-shv-01-hou1.facebook.com</hostname></host><host><ip>157.240.245.40</ip><hostname>anycast-control-mini-shv-01-bos5.facebook.com</hostname></host><host><ip>163.70.128.57</ip><hostname>anycast-control-ext3-shv-03-cdg4.facebook.com</hostname></host><host><ip>57.144.113.142</ip><hostname>anycast-control-ext3-shv-02-waw2.facebook.com</hostname></host><host><ip>157.240.227.42</ip><hostname>anycast-control-mini-shv-01-mct1.facebook.com</hostname></host><host><ip>57.144.194.152</ip><hostname>anycast-control-ext-shv-03-dfw5.facebook.com</hostname></host><host><ip>57.144.116.152</ip><hostname>anycast-control-ext-shv-01-fml1.facebook.com</hostname></host><host><ip>157.240.192.42</ip><hostname>anycast-control-mini-shv-02-maa2.facebook.com</hostname></host><host><ip>157.240.198.130</ip><hostname>anycast-control-ext3-shv-01-del1.facebook.com</hostname></host><host><ip>31.13.90.53</ip><hostname>anycast-control-ext3-shv-01-gig4.facebook.com</hostname></host><host><ip>163.70.143.19</ip><hostname>anycast-control-ext-shv-01-bom2.facebook.com</hostname></host><host><ip>57.144.162.152</ip><hostname>anycast-control-ext-shv-03-mia3.facebook.com</hostname></host><host><ip>102.132.97.131</ip><hostname>anycast-control-ext3-shv-01-hbe1.facebook.com</hostname></host><host><ip>31.13.79.14</ip><hostname>anycast-control-ext-shv-02-bom1.facebook.com</hostname></host><host><ip>157.240.239.130</ip><hostname>anycast-control-ext3-shv-02-del1.facebook.com</hostname></host><host><ip>157.240.242.41</ip><hostname>anycast-control-mini-shv-01-pnq1.facebook.com</hostname></host><host><ip>57.144.170.7</ip><hostname>anycast-control-mini-shv-02-blr1.facebook.com</hostname></host><host><ip>157.240.22.40</ip><hostname>dgw-mini.c10r.facebook.com</hostname></host><host><ip>79.171.121.67</ip><hostname>79-171-121-67-kh.facebook.com</hostname></host><host><ip>31.13.79.42</ip><hostname>anycast-control-mini-shv-02-bom1.facebook.com</hostname></host><host><ip>157.240.204.7</ip><hostname>anycast-control-ext-shv-01-scl2.facebook.com</hostname></host><host><ip>57.144.138.152</ip><hostname>anycast-control-ext-shv-01-mba2.facebook.com</hostname></host><host><ip>163.70.159.57</ip><hostname>anycast-control-ext3-shv-02-hkg1.facebook.com</hostname></host><host><ip>57.144.148.152</ip><hostname>anycast-control-ext-shv-02-mct1.facebook.com</hostname></host><host><ip>57.144.176.7</ip><hostname>anycast-control-mini-shv-04-bom2.facebook.com</hostname></host><host><ip>157.240.205.42</ip><hostname>anycast-control-mini-shv-01-hel3.facebook.com</hostname></host><host><ip>57.144.138.7</ip><hostname>anycast-control-mini-shv-01-mba2.facebook.com</hostname></host><host><ip>57.144.148.7</ip><hostname>anycast-control-mini-shv-02-mct1.facebook.com</hostname></host><host><ip>157.240.13.42</ip><hostname>anycast-control-mini-shv-02-sin6.facebook.com</hostname></host><host><ip>57.144.194.7</ip><hostname>anycast-control-mini-shv-03-dfw5.facebook.com</hostname></host><host><ip>57.144.140.152</ip><hostname>anycast-control-ext-shv-01-ccu2.facebook.com</hostname></host><host><ip>157.240.26.43</ip><hostname>anycast-control-mini-shv-01-msp1.facebook.com</hostname></host><host><ip>57.144.156.152</ip><hostname>anycast-control-ext-shv-03-tir3.facebook.com</hostname></host><host><ip>163.70.145.55</ip><hostname>anycast-control-ext3-shv-02-del2.facebook.com</hostname></host><host><ip>157.240.0.19</ip><hostname>anycast-control-ext-shv-02-fra3.facebook.com</hostname></host><host><ip>163.70.145.15</ip><hostname>anycast-control-ext-shv-02-del2.facebook.com</hostname></host><host><ip>157.240.22.6</ip><hostname>atlas.c10r.facebook.com</hostname></host><host><ip>79.171.121.108</ip><hostname>79-171-121-108-kh.facebook.com</hostname></host><host><ip>185.60.218.13</ip><hostname>anycast-control-ext-shv-01-otp1.facebook.com</hostname></host><host><ip>157.240.8.133</ip><hostname>anycast-control-ext3-shv-01-syd2.facebook.com</hostname></host><host><ip>57.144.178.152</ip><hostname>anycast-control-ext-shv-01-poa1.facebook.com</hostname></host><host><ip>79.171.121.115</ip><hostname>79-171-121-115-kh.facebook.com</hostname></host><host><ip>157.240.197.128</ip><hostname>anycast-control-ext3-shv-01-lim1.facebook.com</hostname></host><host><ip>79.171.121.127</ip><hostname>79-171-121-127-kh.facebook.com</hostname></host><host><ip>157.240.30.132</ip><hostname>anycast-control-ext3-shv-01-prg1.facebook.com</hostname></host><host><ip>157.240.221.42</ip><hostname>anycast-control-mini-shv-01-lhr8.facebook.com</hostname></host><host><ip>31.13.85.133</ip><hostname>anycast-control-ext3-shv-01-gru2.facebook.com</hostname></host><host><ip>79.171.121.89</ip><hostname>79-171-121-89-kh.facebook.com</hostname></host><host><ip>57.144.160.152</ip><hostname>anycast-control-ext-shv-02-sin2.facebook.com</hostname></host><host><ip>185.60.217.16</ip><hostname>anycast-control-ext-shv-01-ber1.facebook.com</hostname></host><host><ip>157.240.5.9</ip><hostname>anycast-control-ext-shv-01-mad2.facebook.com</hostname></host><host><ip>57.144.140.7</ip><hostname>anycast-control-mini-shv-01-ccu2.facebook.com</hostname></host><host><ip>163.70.158.2</ip><hostname>anycast-control-ext-shv-01-hkg1.facebook.com</hostname></host><host><ip>57.144.128.152</ip><hostname>anycast-control-ext-shv-01-for2.facebook.com</hostname></host><host><ip>79.171.121.107</ip><hostname>79-171-121-107-kh.facebook.com</hostname></host><host><ip>163.70.140.128</ip><hostname>anycast-control-ext3-shv-01-hyd1.facebook.com</hostname></host><host><ip>163.70.159.40</ip><hostname>anycast-control-mini-shv-02-hkg1.facebook.com</hostname></host><host><ip>185.60.219.21</ip><hostname>anycast-control-ext-shv-01-cdg4.facebook.com</hostname></host><host><ip>163.70.144.21</ip><hostname>anycast-control-ext-shv-02-bom2.facebook.com</hostname></host><host><ip>157.240.205.130</ip><hostname>anycast-control-ext3-shv-01-hel3.facebook.com</hostname></host><host><ip>157.240.222.42</ip><hostname>anycast-control-mini-shv-01-gru1.facebook.com</hostname></host><host><ip>57.144.181.142</ip><hostname>anycast-control-ext3-shv-03-lga3.facebook.com</hostname></host><host><ip>57.144.164.7</ip><hostname>anycast-control-mini-shv-02-for2.facebook.com</hostname></host><host><ip>57.144.150.7</ip><hostname>anycast-control-mini-shv-02-sin11.facebook.com</hostname></host><host><ip>157.240.251.21</ip><hostname>anycast-control-ext-shv-01-fra5.facebook.com</hostname></host><host><ip>157.240.253.40</ip><hostname>anycast-control-mini-shv-02-fra5.facebook.com</hostname></host><host><ip>31.13.91.52</ip><hostname>anycast-control-ext3-shv-02-gig4.facebook.com</hostname></host><host><ip>163.70.131.14</ip><hostname>anycast-control-ext-shv-01-mnl1.facebook.com</hostname></host><host><ip>157.240.249.40</ip><hostname>anycast-control-mini-shv-01-ord5.facebook.com</hostname></host><host><ip>31.13.78.21</ip><hostname>anycast-control-ext-shv-01-akl1.facebook.com</hostname></host><host><ip>102.132.97.15</ip><hostname>anycast-control-ext-shv-01-hbe1.facebook.com</hostname></host><host><ip>163.70.159.11</ip><hostname>anycast-control-ext-shv-02-hkg1.facebook.com</hostname></host><host><ip>31.13.85.42</ip><hostname>anycast-control-mini-shv-01-gru2.facebook.com</hostname></host><host><ip>31.13.94.42</ip><hostname>anycast-control-mini-shv-01-eze1.facebook.com</hostname></host><host><ip>31.13.89.17</ip><hostname>anycast-control-ext-shv-01-qro1.facebook.com</hostname></host><host><ip>157.240.29.54</ip><hostname>anycast-control-ext3-shv-01-doh1.facebook.com</hostname></host><host><ip>157.240.202.33</ip><hostname>anycast-control-mini-shv-02-cdg4.facebook.com</hostname></host><host><ip>157.240.208.6</ip><hostname>anycast-control-ext-shv-01-cgk1.facebook.com</hostname></host><host><ip>31.13.78.42</ip><hostname>anycast-control-mini-shv-01-akl1.facebook.com</hostname></host><host><ip>157.240.23.17</ip><hostname>anycast-control-ext-shv-01-maa2.facebook.com</hostname></host><host><ip>157.240.8.16</ip><hostname>anycast-control-ext-shv-01-syd2.facebook.com</hostname></host><host><ip>57.144.124.152</ip><hostname>anycast-control-ext-shv-03-bom2.facebook.com</hostname></host><host><ip>157.240.201.130</ip><hostname>anycast-control-ext3-shv-01-ams4.facebook.com</hostname></host><host><ip>157.240.14.132</ip><hostname>anycast-control-ext3-shv-02-mia3.facebook.com</hostname></host><host><ip>157.240.198.7</ip><hostname>anycast-control-ext-shv-01-del1.facebook.com</hostname></host><host><ip>157.240.223.128</ip><hostname>anycast-control-ext3-shv-01-muc2.facebook.com</hostname></host><host><ip>157.240.7.133</ip><hostname>anycast-control-ext3-shv-01-sin6.facebook.com</hostname></host><host><ip>57.144.182.152</ip><hostname>anycast-control-ext-shv-01-mnl3.facebook.com</hostname></host><host><ip>157.240.249.16</ip><hostname>anycast-control-ext-shv-01-ord5.facebook.com</hostname></host><host><ip>157.240.9.16</ip><hostname>anycast-control-ext-shv-01-sof1.facebook.com</hostname></host><host><ip>157.240.243.40</ip><hostname>anycast-control-mini-shv-01-bcn1.facebook.com</hostname></host><host><ip>31.13.86.42</ip><hostname>anycast-control-mini-shv-01-mxp1.facebook.com</hostname></host><host><ip>31.13.86.136</ip><hostname>anycast-control-ext3-shv-01-mxp1.facebook.com</hostname></host><host><ip>157.240.203.41</ip><hostname>anycast-control-mini-shv-01-mxp2.facebook.com</hostname></host><host><ip>57.144.171.142</ip><hostname>anycast-control-ext3-shv-02-blr1.facebook.com</hostname></host><host><ip>157.240.22.2</ip><hostname>dgw.c10r.facebook.com</hostname></host><host><ip>57.144.163.142</ip><hostname>anycast-control-ext3-shv-03-mia3.facebook.com</hostname></host><host><ip>57.144.134.152</ip><hostname>anycast-control-ext-shv-01-phx1.facebook.com</hostname></host><host><ip>31.13.67.133</ip><hostname>anycast-control-ext3-shv-01-mia3.facebook.com</hostname></host><host><ip>31.13.66.42</ip><hostname>anycast-control-mini-shv-01-iad3.facebook.com</hostname></host><host><ip>157.240.234.25</ip><hostname>anycast-control-ext-shv-02-sof1.facebook.com</hostname></host><host><ip>57.144.145.142</ip><hostname>anycast-control-ext3-shv-01-sin11.facebook.com</hostname></host><host><ip>57.144.108.7</ip><hostname>anycast-control-mini-shv-01-fml20.facebook.com</hostname></host><host><ip>157.240.31.38</ip><hostname>anycast-control-mini-shv-02-nrt1.facebook.com</hostname></host><host><ip>31.13.90.39</ip><hostname>anycast-control-mini-shv-01-gig4.facebook.com</hostname></host><host><ip>57.144.174.152</ip><hostname>anycast-control-ext-shv-03-ord5.facebook.com</hostname></host><host><ip>79.171.121.68</ip><hostname>79-171-121-68-kh.facebook.com</hostname></host><host><ip>157.240.239.21</ip><hostname>anycast-control-ext-shv-02-del1.facebook.com</hostname></host><host><ip>157.240.235.42</ip><hostname>anycast-control-mini-shv-04-sin6.facebook.com</hostname></host><host><ip>31.13.84.11</ip><hostname>anycast-control-ext-shv-01-vie1.facebook.com</hostname></host><host><ip>157.240.204.128</ip><hostname>anycast-control-ext3-shv-01-scl2.facebook.com</hostname></host><host><ip>57.144.184.152</ip><hostname>anycast-control-ext-shv-02-mnl3.facebook.com</hostname></host><host><ip>79.171.121.77</ip><hostname>79-171-121-77-kh.facebook.com</hostname></host><host><ip>163.70.128.36</ip><hostname>anycast-control-mini-shv-03-cdg4.facebook.com</hostname></host><host><ip>179.60.195.136</ip><hostname>anycast-control-ext3-shv-01-bru2.facebook.com</hostname></host><host><ip>157.240.241.130</ip><hostname>anycast-control-ext3-shv-02-lga3.facebook.com</hostname></host><host><ip>31.13.73.16</ip><hostname>anycast-control-ext-shv-01-dub4.facebook.com</hostname></host><host><ip>31.13.83.12</ip><hostname>anycast-control-ext-shv-01-mad1.facebook.com</hostname></host><host><ip>157.240.15.42</ip><hostname>anycast-control-mini-shv-03-sin6.facebook.com</hostname></host><host><ip>57.144.142.152</ip><hostname>anycast-control-ext-shv-02-ccu2.facebook.com</hostname></host><host><ip>157.240.30.15</ip><hostname>anycast-control-ext-shv-01-prg1.facebook.com</hostname></host><host><ip>157.240.22.15</ip><hostname>anycast-control-ext-shv-01-sjc3.facebook.com</hostname></host><host><ip>57.144.126.7</ip><hostname>anycast-control-mini-shv-02-ist1.facebook.com</hostname></host><host><ip>79.171.121.125</ip><hostname>79-171-121-125-kh.facebook.com</hostname></host><host><ip>157.240.215.128</ip><hostname>anycast-control-ext3-shv-01-ssn1.facebook.com</hostname></host><host><ip>157.240.196.128</ip><hostname>anycast-control-ext3-shv-02-mrs2.facebook.com</hostname></host><host><ip>31.13.85.11</ip><hostname>anycast-control-ext-shv-01-gru2.facebook.com</hostname></host><host><ip>163.70.151.2</ip><hostname>anycast-control-ext-shv-02-lhr6.facebook.com</hostname></host><host><ip>157.240.13.133</ip><hostname>anycast-control-ext3-shv-02-sin6.facebook.com</hostname></host><host><ip>157.240.196.7</ip><hostname>anycast-control-ext-shv-02-mrs2.facebook.com</hostname></host><host><ip>57.144.136.7</ip><hostname>anycast-control-mini-shv-01-bsb1.facebook.com</hostname></host><host><ip>57.144.180.152</ip><hostname>anycast-control-ext-shv-03-lga3.facebook.com</hostname></host><host><ip>57.144.174.7</ip><hostname>anycast-control-mini-shv-03-ord5.facebook.com</hostname></host><host><ip>157.240.5.33</ip><hostname>anycast-control-mini-shv-01-mad2.facebook.com</hostname></host><host><ip>57.144.179.142</ip><hostname>anycast-control-ext3-shv-01-poa1.facebook.com</hostname></host><host>upload.facebook.com</host><host>mbasic.facebook.com</host><host>touch.facebook.com</host><host>lite.facebook.com</host><host>vupload-edge.facebook.com</host><host>.facebook.com</host><host>business.facebook.com</host><host>accountscenter.facebook.com</host><host>m.facebook.com</host><host>en-gb.facebook.com</host><host>www.facebook.com</host><host>developers.facebook.com</host><host>apps.facebook.com</host><host>adsmanager.facebook.com</host><host>l.facebook.com</host><host>fr-fr.facebook.com</host><host>2-264.channel.facebook.com</host><host>aston.facebook.com</host><host>ar-ar.connect.connect.facebook.com</host><host>299.channel.facebook.com</host><host>ads.facebook.com</host><host>2-285.channel.facebook.com</host><host>ar-ar.static.ak.facebook.com</host><host>anglia.facebook.com</host><host>93gu5iwv.dns.facebook.com</host><host>3-op-w.channel.facebook.com</host><host>anderson.facebook.com</host><host>71asfo8n.dns.facebook.com</host><host>167.channel.facebook.com</host><host>6-155.channel.facebook.com</host><host>an3wbasq.dns.facebook.com</host><host>3rj3dm4g.dns.facebook.com</host><host>alaska-anch.facebook.com</host><host>2-ig-w.channel.facebook.com</host><host>austincollege.facebook.com</host><host>atlantatech.facebook.com</host><host>adelaideedu.facebook.com</host><host>5-staging.channel.facebook.com</host><host>benedict.facebook.com</host><host>0-202.channel.facebook.com</host><host>2-id-w.channel.facebook.com</host><host>8yi80h7q.dns.facebook.com</host><host>b83aap1i.dns.facebook.com</host><host>3-jh-w.channel.facebook.com</host><host>2zz5278a.dns.facebook.com</host><host>2311rfo7.dns.facebook.com</host><host>6-257.channel.facebook.com</host><host>0-143.channel.facebook.com</host><host>2-jv-w.channel.facebook.com</host><host>acadab.facebook.com</host><host>badge.new.facebook.com</host><host>1-137.channel.facebook.com</host><host>125.channel.facebook.com</host><host>2-op-w.channel.facebook.com</host><host>bakeru.facebook.com</host><host>0-ih-w.channel.facebook.com</host><host>6-ie-w.channel.facebook.com</host><host>2-143.channel.facebook.com</host><host>5-jv-w.channel.facebook.com</host><host>5-ig-w.channel.facebook.com</host><host>asb.facebook.com</host><host>2-jh-w.channel.facebook.com</host><host>1-jg-w.channel.facebook.com</host><host>1hra7mwt.dns.facebook.com</host><host>albright.facebook.com</host><host>7aarj80w.dns.facebook.com</host><host>antiochcollege.facebook.com</host><host>6-ih-w.channel.facebook.com</host><host>3-ie-w.channel.facebook.com</host><host>6-op-w.channel.facebook.com</host><host>badge.vi-vn.connect.facebook.com</host><host>4-op-w.channel.facebook.com</host><host>bard.facebook.com</host><host>0-155.channel.facebook.com</host><host>aber.facebook.com</host><host>az-az.facebook.com</host><host>agnesscott.facebook.com</host><host>aacc.facebook.com</host><host>5-jh-w.channel.facebook.com</host><host>1-202.channel.facebook.com</host><host>5-125.channel.facebook.com</host><host>2-317.channel.facebook.com</host><host>2-155.channel.facebook.com</host><host>a6q7dtih.dns.facebook.com</host><host>bbc.facebook.com</host><host>3-jx-w.channel.facebook.com</host><host>9b75az5h.dns.facebook.com</host><host>19nckffj.dns.facebook.com</host><host>5dl9qgk1.dns.facebook.com</host><host>api-photo.facebook.com</host><host>5gtem90v.dns.facebook.com</host><host>1vx63538.dns.facebook.com</host><host>6-161.channel.facebook.com</host><host>aib.facebook.com</host><host>0-333.channel.facebook.com</host><host>131.channel.facebook.com</host><host>aug.facebook.com</host><host>2-jk-w.channel.facebook.com</host><host>2-202.channel.facebook.com</host><host>belhaven.facebook.com</host><host>4-161.channel.facebook.com</host><host>0-188.channel.facebook.com</host><host>0-264.channel.facebook.com</host><host>abunb.facebook.com</host><host>2-jj-w.channel.facebook.com</host><host>b.static.ak.facebook.com</host><host>6-jv-w.channel.facebook.com</host><host>5-143.channel.facebook.com</host><host>6suyiutg.dns.facebook.com</host><host>3-staging.channel.facebook.com</host><host>1-jw-w.channel.facebook.com</host><host>4-jl-w.channel.facebook.com</host><host>aiboston.facebook.com</host><host>6-125.channel.facebook.com</host><host>atjtb7yd.dns.facebook.com</host><host>augie.facebook.com</host><host>4-131.channel.facebook.com</host><host>5-op-w.channel.facebook.com</host><host>6-264.channel.facebook.com</host><host>2-act.channel.facebook.com</host><host>5-181.channel.facebook.com</host><host>0-317.channel.facebook.com</host><host>5-195.channel.facebook.com</host><host>5-155.channel.facebook.com</host><host>1-327.channel.facebook.com</host><host>3-act.channel.facebook.com</host><host>berea.facebook.com</host><host>7389msph.dns.facebook.com</host><host>bac.facebook.com</host><host>0-149.channel.facebook.com</host><host>5-285.channel.facebook.com</host><host>3-jf-w.channel.facebook.com</host><host>4-306.channel.facebook.com</host><host>4-327.channel.facebook.com</host><host>6-131.channel.facebook.com</host><host>amherst.facebook.com</host><host>bcftcs.facebook.com</host><host>0-pct.channel.facebook.com</host><host>au.facebook.com</host><host>5-317.channel.facebook.com</host><host>4-271.channel.facebook.com</host><host>0-167.channel.facebook.com</host><host>api-read.facebook.com</host><host>310.channel.facebook.com</host><host>1bo11qrs.dns.facebook.com</host><host>149.channel.facebook.com</host><host>2-jl-w.channel.facebook.com</host><host>aamu.facebook.com</host><host>ausharjah.facebook.com</host><host>2-257.channel.facebook.com</host><host>bentley.facebook.com</host><host>0-181.channel.facebook.com</host><host>2-195.channel.facebook.com</host><host>4-317.channel.facebook.com</host><host>3-155.channel.facebook.com</host><host>ashland.facebook.com</host><host>2-161.channel.facebook.com</host><host>0-staging.channel.facebook.com</host><host>appstate.facebook.com</host><host>aucklandac.facebook.com</host><host>1-131.channel.facebook.com</host><host>4-195.channel.facebook.com</host><host>1zoxyr9j.dns.facebook.com</host><host>acu.facebook.com</host><host>8yxbdnos.dns.facebook.com</host><host>0-testing.channel.facebook.com</host><host>6-317.channel.facebook.com</host><host>berkeley.facebook.com</host><host>baker.facebook.com</host><host>artic.new.facebook.com</host><host>2-ji-w.channel.facebook.com</host><host>az-az.watchhousemdepisodesonline.comwww.ro-ro.fbjs.facebook.comwww.ro-ro.fbjs.facebook.com</host><host>6-137.channel.facebook.com</host><host>1-149.channel.facebook.com</host><host>assumption.facebook.com</host><host>1xx4xbg.dns.facebook.com</host><host>4-202.channel.facebook.com</host><host>6-278.channel.facebook.com</host><host>5-174.channel.facebook.com</host><host>6-333.channel.facebook.com</host><host>6-staging.channel.facebook.com</host><host>0-jg-w.channel.facebook.com</host><host>1-ih-w.channel.facebook.com</host><host>62imvf34.dns.facebook.com</host><host>2opo95vj.dns.facebook.com</host><host>4-jf-w.channel.facebook.com</host><host>6-195.channel.facebook.com</host><host>6q0xutyi.dns.facebook.com</host><host>2-333.channel.facebook.com</host><host>4-act.channel.facebook.com</host><host>aub.facebook.com</host><host>17czwodr.dns.facebook.com</host><host>1-testing.channel.facebook.com</host><host>allegheny.facebook.com</host><host>arcadia.facebook.com</host><host>apujapan.facebook.com</host><host>6-327.channel.facebook.com</host><host>317.channel.facebook.com</host><host>4-jj-w.channel.facebook.com</host><host>belmont.facebook.com</host><host>0-174.channel.facebook.com</host><host>a.ns.facebook.com</host><host>1-264.channel.facebook.com</host><host>api.facebook.com</host><host>5-jg-w.channel.facebook.com</host><host>6-pct.channel.facebook.com</host><host>3-310.channel.facebook.com</host><host>4-310.channel.facebook.com</host><host>arclosrios.facebook.com</host><host>aic.facebook.com</host><host>anuedu.facebook.com</host><host>aucegypt.facebook.com</host><host>4nr5tfcv.dns.facebook.com</host><host>baptistcollege.facebook.com</host><host>a5n30qkw.dns.facebook.com</host><host>bemidjistate.facebook.com</host><host>3-299.channel.facebook.com</host><host>4-285.channel.facebook.com</host><host>181.channel.facebook.com</host><host>2-149.channel.facebook.com</host><host>3-jj-w.channel.facebook.com</host><host>8ewxeg2h.dns.facebook.com</host><host>alfredstate.facebook.com</host><host>api.ok.connect.facebook.com</host><host>1-125.channel.facebook.com</host><host>baylor.facebook.com</host><host>bates.facebook.com</host><host>0-257.channel.facebook.com</host><host>andrews.facebook.com</host><host>albany.facebook.com</host><host>137.channel.facebook.com</host><host>3-292.channel.facebook.com</host><host>6wphka41.dns.facebook.com</host><host>api-video.facebook.com</host><host>0.facebook.com</host><host>3-149.channel.facebook.com</host><host>257.channel.facebook.com</host><host>0-op-w.channel.facebook.com</host><host>artic.facebook.com</host><host>8engdp5a.dns.facebook.com</host><host>1-188.channel.facebook.com</host><host>3-333.channel.facebook.com</host><host>58m1s3ht.dns.facebook.com</host><host>ad.facebook.com</host><host>acg.facebook.com</host><host>apps.connect.facebook.com</host><host>avemaria.facebook.com</host><host>79rvtvjk.dns.facebook.com</host><host>0-285.channel.facebook.com</host><host>augsburg.facebook.com</host><host>aucnuc.facebook.com</host><host>1xhmp6r.dns.facebook.com</host><host>4-staging.channel.facebook.com</host><host>badge.o.facebook.com</host><host>1-ect.channel.facebook.com</host><host>1-id-w.channel.facebook.com</host><host>5-188.channel.facebook.com</host><host>5-327.channel.facebook.com</host><host>2-292.channel.facebook.com</host><host>5-jx-w.channel.facebook.com</host><host>4-ect.channel.facebook.com</host><host>5-jf-w.channel.facebook.com</host><host>3-143.channel.facebook.com</host><host>0-292.channel.facebook.com</host><host>2-167.channel.facebook.com</host><host>bennington.facebook.com</host><host>0-jj-w.channel.facebook.com</host><host>badge.facebook.com</host><host>1ck504y.dns.facebook.com</host><host>3-ect.channel.facebook.com</host><host>6-ji-w.channel.facebook.com</host><host>0-jk-w.channel.facebook.com</host><host>8qbuxx06.dns.facebook.com</host><host>ads.ak.facebook.com</host><host>1-ig-w.channel.facebook.com</host><host>1-306.channel.facebook.com</host><host>155.channel.facebook.com</host><host>0-id-w.channel.facebook.com</host><host>3-137.channel.facebook.com</host><host>6-testing.channel.facebook.com</host><host>1-jf-w.channel.facebook.com</host><host>3ucciwkf.dns.facebook.com</host><host>5-jl-w.channel.facebook.com</host><host>4fhepkxn.dns.facebook.com</host><host>327.channel.facebook.com</host><host>badge.ro.connect.facebook.com</host><host>0-jf-w.channel.facebook.com</host><host>2-if-w.channel.facebook.com</host><host>apps.devrs002.facebook.com</host><host>bangor.facebook.com</host><host>2-188.channel.facebook.com</host><host>3-ji-w.channel.facebook.com</host><host>5-333.channel.facebook.com</host><host>acuedu.facebook.com</host><host>1-161.channel.facebook.com</host><host>0-125.channel.facebook.com</host><host>barclaycollege.facebook.com</host><host>albion.facebook.com</host><host>6-jl-w.channel.facebook.com</host><host>5-pct.channel.facebook.com</host><host>ab.facebook.com</host><host>3-327.channel.facebook.com</host><host>91r9ynn2.dns.facebook.com</host><host>1-jk-w.channel.facebook.com</host><host>2-174.channel.facebook.com</host><host>1-143.channel.facebook.com</host><host>4-ji-w.channel.facebook.com</host><host>4-188.channel.facebook.com</host><host>ak.connect.facebook.com</host><host>adelphi.facebook.com</host><host>acadiau.facebook.com</host><host>4-jw-w.channel.facebook.com</host><host>2-ih-w.channel.facebook.com</host><host>3-174.channel.facebook.com</host><host>1avfbh8f.dns.facebook.com</host><host>2-testing.channel.facebook.com</host><host>ar-ar.ak.connect.facebook.com</host><host>b.s-static.ak.facebook.com</host><host>6-285.channel.facebook.com</host><host>3-161.channel.facebook.com</host><host>4-125.channel.facebook.com</host><host>aii.facebook.com</host><host>2-ect.channel.facebook.com</host><host>1-jx-w.channel.facebook.com</host><host>aquinas.facebook.com</host><host>apps.new.facebook.com</host><host>1-jl-w.channel.facebook.com</host><host>0-ji-w.channel.facebook.com</host><host>6-271.channel.facebook.com</host><host>bathspa.facebook.com</host><host>2-jf-w.channel.facebook.com</host><host>6-jw-w.channel.facebook.com</host><host>2fdpti15.dns.facebook.com</host><host>augustanaab.facebook.com</host><host>2-131.channel.facebook.com</host><host>5-ect.channel.facebook.com</host><host>6-306.channel.facebook.com</host><host>2-271.channel.facebook.com</host><host>2-327.channel.facebook.com</host><host>4gam0lga.dns.facebook.com</host><host>4-testing.channel.facebook.com</host><host>4-155.channel.facebook.com</host><host>3-306.channel.facebook.com</host><host>be-by.prod.facebook.com</host><host>5-310.channel.facebook.com</host><host>0-327.channel.facebook.com</host><host>barry.facebook.com</host><host>a7zwx2wv.dns.facebook.com</host><host>b5vnxi7q.dns.facebook.com</host><host>1tawatb.dns.facebook.com</host><host>1-if-w.channel.facebook.com</host><host>4-ih-w.channel.facebook.com</host><host>6-act.channel.facebook.com</host><host>306.channel.facebook.com</host><host>188.channel.facebook.com</host><host>2-299.channel.facebook.com</host><host>aaart.facebook.com</host><host>1-299.channel.facebook.com</host><host>7c67tj.dns.facebook.com</host><host>american.facebook.com</host><host>3-jg-w.channel.facebook.com</host><host>bblwbmkl.dns.facebook.com</host><host>2-jx-w.channel.facebook.com</host><host>ac.facebook.com</host><host>6-jk-w.channel.facebook.com</host><host>beloit.facebook.com</host><host>1-195.channel.facebook.com</host><host>1-310.channel.facebook.com</host><host>benedictine.facebook.com</host><host>2-125.channel.facebook.com</host><host>4hs9chrz.dns.facebook.com</host><host>5-292.channel.facebook.com</host><host>3ia40tvy.dns.facebook.com</host><host>1-jh-w.channel.facebook.com</host><host>auburn.facebook.com</host><host>1g0o2xlr.dns.facebook.com</host><host>0-jx-w.channel.facebook.com</host><host>5-ih-w.channel.facebook.com</host><host>4-jh-w.channel.facebook.com</host><host>1webuu3.dns.facebook.com</host><host>5-id-w.channel.facebook.com</host><host>0-310.channel.facebook.com</host><host>1-181.channel.facebook.com</host><host>aiuonline.facebook.com</host><host>alfred.facebook.com</host><host>0.facebook.com.</host><host>8cuvt6wl.dns.facebook.com</host><host>artcenter.facebook.com</host><host>1-333.channel.facebook.com</host><host>1-jj-w.channel.facebook.com</host><host>0-ect.channel.facebook.com</host><host>6-id-w.channel.facebook.com</host><host>atu.facebook.com</host><host>3-131.channel.facebook.com</host><host>ar-ar.facebook.com</host><host>0-137.channel.facebook.com</host><host>6-181.channel.facebook.com</host><host>5-act.channel.facebook.com</host><host>4-jx-w.channel.facebook.com</host><host>attachments.facebook.com</host><host>8wxuxyin.dns.facebook.com</host><host>2-pct.channel.facebook.com</host><host>4-pct.channel.facebook.com</host><host>271.channel.facebook.com</host><host>4-jg-w.channel.facebook.com</host><host>6-167.channel.facebook.com</host><host>6-jj-w.channel.facebook.com</host><host>bellarmine.facebook.com</host><host>4-jv-w.channel.facebook.com</host><host>2-staging.channel.facebook.com</host><host>3-278.channel.facebook.com</host><host>badge.watchhousemdepisodesonline.comwww.ro-ro.fbjs.facebook.comwww.ro-ro.fbjs.facebook.com</host><host>5-ie-w.channel.facebook.com</host><host>4-174.channel.facebook.com</host><host>2-jw-w.channel.facebook.com</host><host>api.ak.facebook.com</host><host>7j4xiarj.dns.facebook.com</host><host>bc.facebook.com</host><host>af-za.facebook.com</host><host>9mrwtxkr.dns.facebook.com</host><host>1-155.channel.facebook.com</host><host>1-op-w.channel.facebook.com</host><host>0-ig-w.channel.facebook.com</host><host>4-ig-w.channel.facebook.com</host><host>0-if-w.channel.facebook.com</host><host>apps.facebook.com</host><host>anselm.facebook.com</host><host>3-188.channel.facebook.com</host><host>3-271.channel.facebook.com</host><host>5-if-w.channel.facebook.com</host><host>2-306.channel.facebook.com</host><host>1-174.channel.facebook.com</host><host>1-278.channel.facebook.com</host><host>5-137.channel.facebook.com</host><host>babson.facebook.com</host><host>6-if-w.channel.facebook.com</host><host>6-310.channel.facebook.com</host><host>ar-ar.connect.facebook.com</host><host>3-testing.channel.facebook.com</host><host>6-292.channel.facebook.com</host><host>bcc.facebook.com</host><host>0-jv-w.channel.facebook.com</host><host>6-jh-w.channel.facebook.com</host><host>4-143.channel.facebook.com</host><host>baruch.facebook.com</host><host>5-149.channel.facebook.com</host><host>4-333.channel.facebook.com</host><host>4-137.channel.facebook.com</host><host>6-jg-w.channel.facebook.com</host><host>3-195.channel.facebook.com</host><host>az-az.ro.connect.facebook.com</host><host>api.new.facebook.com</host><host>1-167.channel.facebook.com</host><host>4-299.channel.facebook.com</host><host>4-if-w.channel.facebook.com</host><host>0-jl-w.channel.facebook.com</host><host>4-ie-w.channel.facebook.com</host><host>berkeleycollege.facebook.com</host><host>2-181.channel.facebook.com</host><host>202.channel.facebook.com</host><host>arbor.facebook.com</host><host>4-257.channel.facebook.com</host><host>asbury.facebook.com</host><host>bathac.facebook.com</host><host>8ogkqh8b.dns.facebook.com</host><host>0-299.channel.facebook.com</host><host>3-257.channel.facebook.com</host><host>0-jw-w.channel.facebook.com</host><host>6-ect.channel.facebook.com</host><host>5-299.channel.facebook.com</host><host>act.channel.facebook.com</host><host>2-jg-w.channel.facebook.com</host><host>5-257.channel.facebook.com</host><host>be-by.facebook.com</host><host>6-174.channel.facebook.com</host><host>1omzrzni.dns.facebook.com</host><host>1-285.channel.facebook.com</host><host>bcm.facebook.com</host><host>5-161.channel.facebook.com</host><host>1kkjf7m8.dns.facebook.com</host><host>1-staging.channel.facebook.com</host><host>3-125.channel.facebook.com</host><host>3-id-w.channel.facebook.com</host><host>b8l4okxr.dns.facebook.com</host><host>6-jx-w.channel.facebook.com</host><host>1-act.channel.facebook.com</host><host>8agc8kks.dns.facebook.com</host><host>78uj8h0h.dns.facebook.com</host><host>1-ie-w.channel.facebook.com</host><host>6-299.channel.facebook.com</host><host>7pxlju03.dns.facebook.com</host><host>aau.facebook.com</host><host>avila.facebook.com</host><host>badge.connect.facebook.com</host><host>0-act.channel.facebook.com</host><host>2316441j.dns.facebook.com</host><host>3-285.channel.facebook.com</host><host>7sq94e4o.dns.facebook.com</host><host>3-jl-w.channel.facebook.com</host><host>37vk3fd5.dns.facebook.com</host><host>0-271.channel.facebook.com</host><host>5-167.channel.facebook.com</host><host>4-jk-w.channel.facebook.com</host><host>1upii44.dns.facebook.com</host><host>143.channel.facebook.com</host><host>arkansas.facebook.com</host><host>1-ji-w.channel.facebook.com</host><host>3-ig-w.channel.facebook.com</host><host>3-ih-w.channel.facebook.com</host><host>6-jf-w.channel.facebook.com</host><host>antwerp.facebook.com</host><host>6-188.channel.facebook.com</host><host>5-jj-w.channel.facebook.com</host><host>0-161.channel.facebook.com</host><host>arizona.facebook.com</host><host>averett.facebook.com</host><host>5d076iho.dns.facebook.com</host><host>0-131.channel.facebook.com</host><host>3-jk-w.channel.facebook.com</host><host>albertson.facebook.com</host><host>1-257.channel.facebook.com</host><host>astate.facebook.com</host><host>11vm12q.dns.facebook.com</host><host>4-181.channel.facebook.com</host><host>4-278.channel.facebook.com</host><host>b.ns.facebook.com</host><host>academyart.facebook.com</host><host>264.channel.facebook.com</host><host>abac.facebook.com</host><host>0-195.channel.facebook.com</host><host>1t741kq.dns.facebook.com</host><host>apu.facebook.com</host><host>4-264.channel.facebook.com</host><host>0-ie-w.channel.facebook.com</host><host>9hhxzpx0.dns.facebook.com</host><host>3-317.channel.facebook.com</host><host>algonquincollege.facebook.com</host><host>augustana.facebook.com</host><host>1h83xm3.dns.facebook.com</host><host>6-ig-w.channel.facebook.com</host><host>20wagdm4.dns.facebook.com</host><host>af-za.connect.facebook.com</host><host>0-278.channel.facebook.com</host><host>6-143.channel.facebook.com</host><host>1-271.channel.facebook.com</host><host>6-149.channel.facebook.com</host><host>1-jv-w.channel.facebook.com</host><host>6-202.channel.facebook.com</host><host>488igt.dns.facebook.com</host><host>2-137.channel.facebook.com</host><host>174.channel.facebook.com</host><host>asu.facebook.com</host><host>3-264.channel.facebook.com</host><host>5-264.channel.facebook.com</host><host>acc.facebook.com</host><host>6bilvif3.dns.facebook.com</host><host>285.channel.facebook.com</host><host>5-278.channel.facebook.com</host><host>3ajmwe8s.dns.facebook.com</host><host>3-167.channel.facebook.com</host><host>1o4ueur.dns.facebook.com</host><host>bentley.new.facebook.com</host><host>5-ji-w.channel.facebook.com</host><host>1-292.channel.facebook.com</host><host>5-131.channel.facebook.com</host><host>333.channel.facebook.com</host><host>5-jk-w.channel.facebook.com</host><host>1-pct.channel.facebook.com</host><host>3-if-w.channel.facebook.com</host><host>2-278.channel.facebook.com</host><host>3-181.channel.facebook.com</host><host>armstrong.facebook.com</host><host>2-ie-w.channel.facebook.com</host><host>2-310.channel.facebook.com</host><host>0-306.channel.facebook.com</host><host>arts.facebook.com</host><host>angelo.facebook.com</host><host>3-jv-w.channel.facebook.com</host><host>aum.facebook.com</host><host>apus.facebook.com</host><host>badge.prod.facebook.com</host><host>1k3403cv.dns.facebook.com</host><host>badge.lite.facebook.com</host><host>3-202.channel.facebook.com</host><host>4-292.channel.facebook.com</host><host>aup.facebook.com</host><host>3-pct.channel.facebook.com</host><host>4-id-w.channel.facebook.com</host><host>ben.facebook.com</host><host>1-317.channel.facebook.com</host><host>15ne1za.dns.facebook.com</host><host>195.channel.facebook.com</host><host>4-149.channel.facebook.com</host><host>5-jw-w.channel.facebook.com</host><host>5-271.channel.facebook.com</host><host>8m70zpzn.dns.facebook.com</host><host>az-az.fbjs.facebook.com</host><host>0-jh-w.channel.facebook.com</host><host>292.channel.facebook.com</host><host>3-jw-w.channel.facebook.com</host><host>4-167.channel.facebook.com</host><host>5-202.channel.facebook.com</host><host>161.channel.facebook.com</host><host>b.static.ak.connect.facebook.com</host><host>5-306.channel.facebook.com</host><host>az-az.connect.facebook.com</host><host>4vwr4o3d.dns.facebook.com</host><host>5-testing.channel.facebook.com</host><host>278.channel.facebook.com</host><host>9tiaz3zz.dns.facebook.com</host><host>badge.ck.connect.facebook.com</host><host>422n6n95.dns.facebook.com</host><host>bcit.facebook.com</host><host>adfo62vn.dns.facebook.com</host><host>ar-ar.fbjs.facebook.com</host><host>baypath.facebook.com</host></theHarvester>